ets,iso,co2_2019_mt,abate_share,abate_mt
10,AT,3.114972593,-0.0635322122119566,-0.1979010998129047
10,BE,4.879818683,-0.0635322122119566,-0.31002567612422655
10,BG,0.799939346,-0.0635322122119566,-0.05082191628676577
10,CH,5.823362078,-0.0635322122119566,-0.36997107532655654
10,CY,1.051496169,-0.0635322122119566,-0.06680387774896737
10,CZ,1.43947165,-0.0635322122119566,-0.0914528183408953
10,DE,31.089433908,-0.0635322122119566,-1.9751805125926551
10,DK,3.1007603390000003,-0.0635322122119566,-0.1969981638757665
10,EE,0.210027185,-0.0635322122119566,-0.013343491687699868
10,EL,4.430024401,-0.0635322122119566,-0.2814492503484779
10,ES,22.036524182999997,-0.0635322122119566,-1.4000291308082693
10,FI,2.675334307,-0.0635322122119566,-0.16996990693025182
10,FR,22.402052039,-0.0635322122119566,-1.423251924125043
10,GB,37.299134185999996,-0.0635322122119566,-2.3696965084271966
10,HR,0.7095893449999999,-0.0635322122119566,-0.04508178084988328
10,HU,1.102381928,-0.0635322122119566,-0.07003676258832185
10,IE,3.304912457,-0.0635322122119566,-0.20996839956006288
10,IS,0.516600534,-0.0635322122119566,-0.03282077475489809
10,IT,15.106921478,-0.0635322122119566,-0.959776141209661
10,LI,1.767e-06,-0.0635322122119566,-1.122614189785273e-07
10,LT,0.393580497,-0.0635322122119566,-0.025005039657891345
10,LU,1.772959277,-0.0635322122119566,-0.11264002502952114
10,LV,0.494257553,-0.0635322122119566,-0.031401275744558386
10,MT,0.5182756660000001,-0.0635322122119566,-0.032927199596605145
10,NL,11.144285299,-0.0635322122119566,-0.7080210985666562
10,NO,3.113181945,-0.0635322122119566,-0.19778733598417178
10,PL,3.266972499,-0.0635322122119566,-0.20755799009709416
10,PT,5.256608541,-0.0635322122119566,-0.33396396934199557
10,RO,1.4745418529999998,-0.0635322122119566,-0.0936809059202077
10,SE,3.234225659,-0.0635322122119566,-0.20547751090894315
10,SI,0.11661393099999999,-0.0635322122119566,-0.007408741011162463
10,SK,0.190339292,-0.0635322122119566,-0.012092676291617572
20,AT,3.114972593,-0.014905623444981586,-0.046430608512695884
20,BE,4.879818683,-0.014905623444981586,-0.07273673976858397
20,BG,0.799939346,-0.014905623444981586,-0.011923594670300838
20,CH,5.823362078,-0.014905623444981586,-0.08680084231845349
20,CY,1.051496169,-0.014905623444981586,-0.01567320594895472
20,CZ,1.43947165,-0.014905623444981586,-0.021456222374626327
20,DE,31.089433908,-0.014905623444981586,-0.4634073949502903
20,DK,3.1007603390000003,-0.014905623444981586,-0.04621876600626745
20,EE,0.210027185,-0.014905623444981586,-0.003130586132819485
20,EL,4.430024401,-0.014905623444981586,-0.0660322755733861
20,ES,22.036524182999997,-0.014905623444981586,-0.32846813150802845
20,FI,2.675334307,-0.014905623444981586,-0.03987752576958276
20,FR,22.402052039,-0.014905623444981586,-0.33391655208821597
20,GB,37.299134185999996,-0.014905623444981586,-0.5559668490003558
20,HR,0.7095893449999999,-0.014905623444981586,-0.010576871577141126
20,HU,1.102381928,-0.014905623444981586,-0.016431689911320803
20,IE,3.304912457,-0.014905623444981586,-0.0492617806026709
20,IS,0.516600534,-0.014905623444981586,-0.007700253031280406
20,IT,15.106921478,-0.014905623444981586,-0.22517808296397268
20,LI,1.767e-06,-0.014905623444981586,-2.633823662728246e-08
20,LT,0.393580497,-0.014905623444981586,-0.005866562683570704
20,LU,1.772959277,-0.014905623444981586,-0.026427063366248803
20,LV,0.494257553,-0.014905623444981586,-0.007367216969856029
20,MT,0.5182756660000001,-0.014905623444981586,-0.007725221918093047
20,NL,11.144285299,-0.014905623444981586,-0.166112520230338
20,NO,3.113181945,-0.014905623444981586,-0.04640391778788538
20,PL,3.266972499,-0.014905623444981586,-0.04869626187520448
20,PT,5.256608541,-0.014905623444981586,-0.07835302750982005
20,RO,1.4745418529999998,-0.014905623444981586,-0.02197896561468339
20,SE,3.234225659,-0.014905623444981586,-0.04820814980915142
20,SI,0.11661393099999999,-0.014905623444981586,-0.0017382033439250649
20,SK,0.190339292,-0.014905623444981586,-0.002837125813336396
30,AT,3.114972593,0.012501823765046494,0.0389428383906359
30,BE,4.879818683,0.012501823765046494,0.06100663318024728
30,BG,0.799939346,0.012501823765046494,0.01000070072641855
30,CH,5.823362078,0.012501823765046494,0.07280264641921093
30,CY,1.051496169,0.012501823765046494,0.013145619794459544
30,CZ,1.43947165,0.012501823765046494,0.01799602088308069
30,DE,31.089433908,0.012501823765046494,0.3886746236728767
30,DK,3.1007603390000003,0.012501823765046494,0.038765159295823824
30,EE,0.210027185,0.012501823765046494,0.0026257228527388167
30,EL,4.430024401,0.012501823765046494,0.05538338433615766
30,ES,22.036524182999997,0.012501823765046494,0.2754967417300511
30,FI,2.675334307,0.012501823765046494,0.03344655801869679
30,FR,22.402052039,0.012501823765046494,0.28006650656697846
30,GB,37.299134185999996,0.012501823765046494,0.46630720218219285
30,HR,0.7095893449999999,0.012501823765046494,0.008871160936744775
30,HU,1.102381928,0.012501823765046494,0.013781784585628173
30,IE,3.304912457,0.012501823765046494,0.0413174330963208
30,IS,0.516600534,0.012501823765046494,0.006458448832996909
30,IT,15.106921478,0.012501823765046494,0.1888640699503517
30,LI,1.767e-06,0.012501823765046494,2.2090722592837155e-08
30,LT,0.393580497,0.012501823765046494,0.0049204740108534095
30,LU,1.772959277,0.012501823765046494,0.022165224423658248
30,LV,0.494257553,0.012501823765046494,0.006179120822149127
30,MT,0.5182756660000001,0.012501823765046494,0.0064793910380441
30,NL,11.144285299,0.012501823765046494,0.13932389079549648
30,NO,3.113181945,0.012501823765046494,0.03892045202491467
30,PL,3.266972499,0.012501823765046494,0.04084311442775153
30,PT,5.256608541,0.012501823765046494,0.06571719358142018
30,RO,1.4745418529999998,0.012501823765046494,0.018434462380391092
30,SE,3.234225659,0.012501823765046494,0.040433719205209356
30,SI,0.11661393099999999,0.012501823765046494,0.001457886813911292
30,SK,0.190339292,0.012501823765046494,0.0023795882841477238
50,AT,3.114972593,0.04597998906316869,0.14322640575821022
50,BE,4.879818683,0.04597998906316869,0.22437400967458623
50,BG,0.799939346,0.04597998906316869,0.036781202380278315
50,CH,5.823362078,0.04597998906316869,0.2677581246573113
50,CY,1.051496169,0.04597998906316869,0.048347782350583776
50,CZ,1.43947165,0.04597998906316869,0.06618689072374138
50,DE,31.089433908,0.04597998906316869,1.4294918310699458
50,DK,3.1007603390000003,0.04597998906316869,0.14257292647472725
50,EE,0.210027185,0.04597998906316869,0.009657047669268108
50,EL,4.430024401,0.04597998906316869,0.20369247350755043
50,ES,22.036524182999997,0.04597998906316869,1.0132391409245922
50,FI,2.675334307,0.04597998906316869,0.12301184217617998
50,FR,22.402052039,0.04597998906316869,1.030046107745756
50,GB,37.299134185999996,0.04597998906316869,1.7150137819379412
50,HR,0.7095893449999999,0.04597998906316869,0.032626910322441034
50,HU,1.102381928,0.04597998906316869,0.050687508992874816
50,IE,3.304912457,0.04597998906316869,0.15195983862758997
50,IS,0.516600534,0.04597998906316869,0.023753286903347104
50,IT,15.106921478,0.04597998906316869,0.6946160843365882
50,LI,1.767e-06,0.04597998906316869,8.124664067461908e-08
50,LT,0.393580497,0.04597998906316869,0.018096826947536497
50,LU,1.772959277,0.04597998906316869,0.08152064816590347
50,LV,0.494257553,0.04597998906316869,0.02272595688132852
50,MT,0.5182756660000001,0.04597998906316869,0.023830309454386474
50,NL,11.144285299,0.04597998906316869,0.5124141161648517
50,NO,3.113181945,0.04597998906316869,0.14314407178275423
50,PL,3.266972499,0.04597998906316869,0.15021535977369288
50,PT,5.256608541,0.04597998906316869,0.24169880322453915
50,RO,1.4745418529999998,0.04597998906316869,0.06779941827412449
50,SE,3.234225659,0.04597998906316869,0.14870966042863953
50,SI,0.11661393099999999,0.04597998906316869,0.005361907271993108
50,SK,0.190339292,0.04597998906316869,0.008751798564451272
75,AT,3.114972593,0.07174322505579989,0.22347817978224754
75,BE,4.879818683,0.07174322505579989,0.350093930005966
75,BG,0.799939346,0.07174322505579989,0.05739022853106738
75,CH,5.823362078,0.07174322505579989,0.41778677614336446
75,CY,1.051496169,0.07174322505579989,0.07543772629787839
75,CZ,1.43947165,0.07174322505579989,0.10327233854739361
75,DE,31.089433908,0.07174322505579989,2.23045625371906
75,DK,3.1007603390000003,0.07174322505579989,0.22245854684497537
75,EE,0.210027185,0.07174322505579989,0.015068027601291119
75,EL,4.430024401,0.07174322505579989,0.31782423760362805
75,ES,22.036524182999997,0.07174322505579989,1.5809713139085455
75,FI,2.675334307,0.07174322505579989,0.19193711128660343
75,FR,22.402052039,0.07174322505579989,1.6071954611457178
75,GB,37.299134185999996,0.07174322505579989,2.675960178292677
75,HR,0.7095893449999999,0.07174322505579989,0.05090822807553262
75,HU,1.102381928,0.07174322505579989,0.07908843475795059
75,IE,3.304912457,0.07174322505579989,0.23710507819226756
75,IS,0.516600534,0.07174322505579989,0.0370625883747084
75,IT,15.106921478,0.07174322505579989,1.083819267496451
75,LI,1.767e-06,0.07174322505579989,1.267702786735984e-07
75,LT,0.393580497,0.07174322505579989,0.02823673417384457
75,LU,1.772959277,0.07174322505579989,0.12719781642457925
75,LV,0.494257553,0.07174322505579989,0.03545963086040794
75,MT,0.5182756660000001,0.07174322505579989,0.03718276774678258
75,NL,11.144285299,0.07174322505579989,0.7995269682921992
75,NO,3.113181945,0.07174322505579989,0.22334971291978784
75,PL,3.266972499,0.07174322505579989,0.23438314324686596
75,PT,5.256608541,0.07174322505579989,0.3771260495872029
75,RO,1.4745418529999998,0.07174322505579989,0.10578838801397518
75,SE,3.234225659,0.07174322505579989,0.23203377933487968
75,SI,0.11661393099999999,0.07174322505579989,0.008366259496374519
75,SK,0.190339292,0.07174322505579989,0.01365555466291761
100,AT,3.114972593,0.08959948475367141,0.2790999393546078
100,BE,4.879818683,0.08959948475367141,0.43722923968813937
100,BG,0.799939346,0.08959948475367141,0.07167415323578888
100,CH,5.823362078,0.08959948475367141,0.5217702417228692
100,CY,1.051496169,0.08959948475367141,0.0942135149628594
100,CZ,1.43947165,0.08959948475367141,0.12897591815751722
100,DE,31.089433908,0.08959948475367141,2.785597259440121
100,DK,3.1007603390000003,0.08959948475367141,0.2778265287190195
100,EE,0.210027185,0.08959948475367141,0.018818327560264025
100,EL,4.430024401,0.08959948475367141,0.3969279037757918
100,ES,22.036524182999997,0.08959948475367141,1.9744612125586196
100,FI,2.675334307,0.08959948475367141,0.23970857545102056
100,FR,22.402052039,0.08959948475367141,2.007212320119334
100,GB,37.299134185999996,0.08959948475367141,3.341983204823651
100,HR,0.7095893449999999,0.08959948475367141,0.06357883969869517
100,HU,1.102381928,0.08959948475367141,0.0987728527505589
100,IE,3.304912457,0.08959948475367141,0.2961184533031902
100,IS,0.516600534,0.08959948475367141,0.0462871416698715
100,IT,15.106921478,0.08959948475367141,1.3535723806429723
100,LI,1.767e-06,0.08959948475367141,1.5832228955973737e-07
100,LT,0.393580497,0.08959948475367141,0.03526460974029391
100,LU,1.772959277,0.08959948475367141,0.1588562377084418
100,LV,0.494257553,0.08959948475367141,0.04428522208441044
100,MT,0.5182756660000001,0.08959948475367141,0.0464372326339659
100,NL,11.144285299,0.08959948475367141,0.9985222207383149
100,NO,3.113181945,0.08959948475367141,0.2789394982164326
100,PL,3.266972499,0.08959948475367141,0.2927190526148143
100,PT,5.256608541,0.08959948475367141,0.47098941682534845
100,RO,1.4745418529999998,0.08959948475367141,0.13211819027652388
100,SE,3.234225659,0.08959948475367141,0.28978495262350334
100,SI,0.11661393099999999,0.08959948475367141,0.01044854813270019
100,SK,0.190339292,0.08959948475367141,0.01705430249157861
150,AT,3.114972593,0.11418477966700546,0.3556824592004657
150,BE,4.879818683,0.11418477966700546,0.5572010211332917
150,BG,0.799939346,0.11418477966700546,0.09134089796997845
150,CH,5.823362078,0.11418477966700546,0.6649393157976251
150,CY,1.051496169,0.11418477966700546,0.12006485837796534
150,CZ,1.43947165,0.11418477966700546,0.1643657531921508
150,DE,31.089433908,0.11418477966700546,3.5499401607569085
150,DK,3.1007603390000003,0.11418477966700546,0.3540596361089042
150,EE,0.210027185,0.11418477966700546,0.023981907843306397
150,EL,4.430024401,0.11418477966700546,0.5058413601476428
150,ES,22.036524182999997,0.11418477966700546,2.5162356584624925
150,FI,2.675334307,0.11418477966700546,0.30548245838037574
150,FR,22.402052039,0.11418477966700546,2.5579733761620056
150,GB,37.299134185999996,0.11418477966700546,4.258993418798481
150,HR,0.7095893449999999,0.11418477966700546,0.08102430301287972
150,HU,1.102381928,0.11418477966700546,0.1258752375575687
150,IE,3.304912457,0.11418477966700546,0.37737070072128664
150,IS,0.516600534,0.11418477966700546,0.058987918150647356
150,IT,15.106921478,0.11418477966700546,1.7249805004121825
150,LI,1.767e-06,0.11418477966700546,2.0176450567159864e-07
150,LT,0.393580497,0.11418477966700546,0.0449409023311755
150,LU,1.772959277,0.11418477966700546,0.2024449644028183
150,LV,0.494257553,0.11418477966700546,0.05643668978805828
150,MT,0.5182756660000001,0.11418477966700546,0.05917919272898053
150,NL,11.144285299,0.11418477966700546,1.272507761412563
150,NO,3.113181945,0.11418477966700546,0.3554779944531245
150,PL,3.266972499,0.11418477966700546,0.3730385349764812
150,PT,5.256608541,0.11418477966700546,0.6002246880497841
150,RO,1.4745418529999998,0.11418477966700546,0.16837023659458294
150,SE,3.234225659,0.11418477966700546,0.3692993442662905
150,SI,0.11661393099999999,0.11418477966700546,0.013315536017338377
150,SK,0.190339292,0.11418477966700546,0.021733850118993814
