year,member_state,verified_tco2,free_allocation_tco2,source
2012,AT,1227373.0,682958.309,"EEA EU ETS database v02 (Union Registry/EUTL extract), main_activity=10-aviation"
2012,BE,2204739.0,1774950.369,"EEA EU ETS database v02 (Union Registry/EUTL extract), main_activity=10-aviation"
2012,BG,317913.0,261881.157,"EEA EU ETS database v02 (Union Registry/EUTL extract), main_activity=10-aviation"
2012,CY,263367.0,275834.183,"EEA EU ETS database v02 (Union Registry/EUTL extract), main_activity=10-aviation"
2012,CZ,907820.0,798821.0,"EEA EU ETS database v02 (Union Registry/EUTL extract), main_activity=10-aviation"
2012,DE,15930455.0,33265369.757,"EEA EU ETS database v02 (Union Registry/EUTL extract), main_activity=10-aviation"
2012,DK,1277015.0,1045920.279,"EEA EU ETS database v02 (Union Registry/EUTL extract), main_activity=10-aviation"
2012,EE,92713.0,35249.306,"EEA EU ETS database v02 (Union Registry/EUTL extract), main_activity=10-aviation"
2012,ES,7727464.0,6663551.335,"EEA EU ETS database v02 (Union Registry/EUTL extract), main_activity=10-aviation"
2012,FI,1186065.0,782944.809,"EEA EU ETS database v02 (Union Registry/EUTL extract), main_activity=10-aviation"
2012,FR,9832156.0,12986777.088,"EEA EU ETS database v02 (Union Registry/EUTL extract), main_activity=10-aviation"
2012,GB,9645333.0,-31268110.545,"EEA EU ETS database v02 (Union Registry/EUTL extract), main_activity=10-aviation"
2012,GR,792521.0,691074.631,"EEA EU ETS database v02 (Union Registry/EUTL extract), main_activity=10-aviation"
2012,HR,130931.0,66442.0,"EEA EU ETS database v02 (Union Registry/EUTL extract), main_activity=10-aviation"
2012,HU,1158490.0,1085442.437,"EEA EU ETS database v02 (Union Registry/EUTL extract), main_activity=10-aviation"
2012,IE,9333946.0,10606107.787,"EEA EU ETS database v02 (Union Registry/EUTL extract), main_activity=10-aviation"
2012,IS,372642.0,209720.417,"EEA EU ETS database v02 (Union Registry/EUTL extract), main_activity=10-aviation"
2012,IT,6058222.0,12825297.335,"EEA EU ETS database v02 (Union Registry/EUTL extract), main_activity=10-aviation"
2012,LT,100298.0,55953.0,"EEA EU ETS database v02 (Union Registry/EUTL extract), main_activity=10-aviation"
2012,LU,1631568.0,2311181.0,"EEA EU ETS database v02 (Union Registry/EUTL extract), main_activity=10-aviation"
2012,LV,306499.0,221198.042,"EEA EU ETS database v02 (Union Registry/EUTL extract), main_activity=10-aviation"
2012,MT,227826.0,197164.21,"EEA EU ETS database v02 (Union Registry/EUTL extract), main_activity=10-aviation"
2012,NL,4175876.0,6310639.934,"EEA EU ETS database v02 (Union Registry/EUTL extract), main_activity=10-aviation"
2012,NO,1963425.0,1014342.003,"EEA EU ETS database v02 (Union Registry/EUTL extract), main_activity=10-aviation"
2012,PL,641424.0,254866.002,"EEA EU ETS database v02 (Union Registry/EUTL extract), main_activity=10-aviation"
2012,PT,1519494.0,773001.444,"EEA EU ETS database v02 (Union Registry/EUTL extract), main_activity=10-aviation"
2012,RO,511204.0,335568.343,"EEA EU ETS database v02 (Union Registry/EUTL extract), main_activity=10-aviation"
2012,SE,4371631.0,3151747.869,"EEA EU ETS database v02 (Union Registry/EUTL extract), main_activity=10-aviation"
2012,SI,71482.0,44555.759,"EEA EU ETS database v02 (Union Registry/EUTL extract), main_activity=10-aviation"
2012,SK,54387.0,55051.0,"EEA EU ETS database v02 (Union Registry/EUTL extract), main_activity=10-aviation"
2013,AT,1017409.0,565298.0,"EEA EU ETS database v02 (Union Registry/EUTL extract), main_activity=10-aviation"
2013,BE,1237104.0,588185.0,"EEA EU ETS database v02 (Union Registry/EUTL extract), main_activity=10-aviation"
2013,BG,252485.0,198516.0,"EEA EU ETS database v02 (Union Registry/EUTL extract), main_activity=10-aviation"
2013,CY,164361.0,250551.0,"EEA EU ETS database v02 (Union Registry/EUTL extract), main_activity=10-aviation"
2013,CZ,416240.0,374780.0,"EEA EU ETS database v02 (Union Registry/EUTL extract), main_activity=10-aviation"
2013,DE,8828355.0,5201208.0,"EEA EU ETS database v02 (Union Registry/EUTL extract), main_activity=10-aviation"
2013,DK,560393.0,369187.0,"EEA EU ETS database v02 (Union Registry/EUTL extract), main_activity=10-aviation"
2013,EE,74763.0,33304.0,"EEA EU ETS database v02 (Union Registry/EUTL extract), main_activity=10-aviation"
2013,ES,4737554.0,2981138.0,"EEA EU ETS database v02 (Union Registry/EUTL extract), main_activity=10-aviation"
2013,FI,893377.0,493048.0,"EEA EU ETS database v02 (Union Registry/EUTL extract), main_activity=10-aviation"
2013,FR,4153800.0,2103332.0,"EEA EU ETS database v02 (Union Registry/EUTL extract), main_activity=10-aviation"
2013,GB,6064173.0,4103267.0,"EEA EU ETS database v02 (Union Registry/EUTL extract), main_activity=10-aviation"
2013,GR,735486.0,607343.0,"EEA EU ETS database v02 (Union Registry/EUTL extract), main_activity=10-aviation"
2013,HR,124782.0,62717.0,"EEA EU ETS database v02 (Union Registry/EUTL extract), main_activity=10-aviation"
2013,HU,1097638.0,740143.0,"EEA EU ETS database v02 (Union Registry/EUTL extract), main_activity=10-aviation"
2013,IE,7729631.0,5317831.0,"EEA EU ETS database v02 (Union Registry/EUTL extract), main_activity=10-aviation"
2013,IS,364662.0,194379.0,"EEA EU ETS database v02 (Union Registry/EUTL extract), main_activity=10-aviation"
2013,IT,4809210.0,2686323.0,"EEA EU ETS database v02 (Union Registry/EUTL extract), main_activity=10-aviation"
2013,LT,100603.0,12753.0,"EEA EU ETS database v02 (Union Registry/EUTL extract), main_activity=10-aviation"
2013,LU,215715.0,96746.0,"EEA EU ETS database v02 (Union Registry/EUTL extract), main_activity=10-aviation"
2013,LV,283909.0,198868.0,"EEA EU ETS database v02 (Union Registry/EUTL extract), main_activity=10-aviation"
2013,MT,219796.0,177402.0,"EEA EU ETS database v02 (Union Registry/EUTL extract), main_activity=10-aviation"
2013,NL,2204714.0,1246044.0,"EEA EU ETS database v02 (Union Registry/EUTL extract), main_activity=10-aviation"
2013,NO,2103094.0,894012.0,"EEA EU ETS database v02 (Union Registry/EUTL extract), main_activity=10-aviation"
2013,PL,616587.0,230749.0,"EEA EU ETS database v02 (Union Registry/EUTL extract), main_activity=10-aviation"
2013,PT,1183922.0,503817.0,"EEA EU ETS database v02 (Union Registry/EUTL extract), main_activity=10-aviation"
2013,RO,477818.0,314061.0,"EEA EU ETS database v02 (Union Registry/EUTL extract), main_activity=10-aviation"
2013,SE,2737347.0,1537511.0,"EEA EU ETS database v02 (Union Registry/EUTL extract), main_activity=10-aviation"
2013,SI,59807.0,38891.0,"EEA EU ETS database v02 (Union Registry/EUTL extract), main_activity=10-aviation"
2013,SK,22162.0,12065.0,"EEA EU ETS database v02 (Union Registry/EUTL extract), main_activity=10-aviation"
2014,AT,1028211.0,565298.0,"EEA EU ETS database v02 (Union Registry/EUTL extract), main_activity=10-aviation"
2014,BE,1287024.0,584799.0,"EEA EU ETS database v02 (Union Registry/EUTL extract), main_activity=10-aviation"
2014,BG,266926.0,198516.0,"EEA EU ETS database v02 (Union Registry/EUTL extract), main_activity=10-aviation"
2014,CY,107288.0,250519.0,"EEA EU ETS database v02 (Union Registry/EUTL extract), main_activity=10-aviation"
2014,CZ,393318.0,374780.0,"EEA EU ETS database v02 (Union Registry/EUTL extract), main_activity=10-aviation"
2014,DE,9010317.0,5190453.0,"EEA EU ETS database v02 (Union Registry/EUTL extract), main_activity=10-aviation"
2014,DK,572174.0,369177.0,"EEA EU ETS database v02 (Union Registry/EUTL extract), main_activity=10-aviation"
2014,EE,76098.0,33304.0,"EEA EU ETS database v02 (Union Registry/EUTL extract), main_activity=10-aviation"
2014,ES,5229792.0,2928705.0,"EEA EU ETS database v02 (Union Registry/EUTL extract), main_activity=10-aviation"
2014,FI,914529.0,493048.0,"EEA EU ETS database v02 (Union Registry/EUTL extract), main_activity=10-aviation"
2014,FR,3956155.0,2094006.0,"EEA EU ETS database v02 (Union Registry/EUTL extract), main_activity=10-aviation"
2014,GB,6183188.0,4102623.0,"EEA EU ETS database v02 (Union Registry/EUTL extract), main_activity=10-aviation"
2014,GR,824112.0,607342.0,"EEA EU ETS database v02 (Union Registry/EUTL extract), main_activity=10-aviation"
2014,HR,150608.0,85828.0,"EEA EU ETS database v02 (Union Registry/EUTL extract), main_activity=10-aviation"
2014,HU,1264980.0,740143.0,"EEA EU ETS database v02 (Union Registry/EUTL extract), main_activity=10-aviation"
2014,IE,7754256.0,5317800.0,"EEA EU ETS database v02 (Union Registry/EUTL extract), main_activity=10-aviation"
2014,IS,492560.0,194379.0,"EEA EU ETS database v02 (Union Registry/EUTL extract), main_activity=10-aviation"
2014,IT,4656028.0,2686316.0,"EEA EU ETS database v02 (Union Registry/EUTL extract), main_activity=10-aviation"
2014,LT,50404.0,12753.0,"EEA EU ETS database v02 (Union Registry/EUTL extract), main_activity=10-aviation"
2014,LU,222370.0,87650.0,"EEA EU ETS database v02 (Union Registry/EUTL extract), main_activity=10-aviation"
2014,LV,276379.0,198868.0,"EEA EU ETS database v02 (Union Registry/EUTL extract), main_activity=10-aviation"
2014,MT,226150.0,177402.0,"EEA EU ETS database v02 (Union Registry/EUTL extract), main_activity=10-aviation"
2014,NL,2303899.0,1242605.0,"EEA EU ETS database v02 (Union Registry/EUTL extract), main_activity=10-aviation"
2014,NO,2319433.0,894035.0,"EEA EU ETS database v02 (Union Registry/EUTL extract), main_activity=10-aviation"
2014,PL,629899.0,230749.0,"EEA EU ETS database v02 (Union Registry/EUTL extract), main_activity=10-aviation"
2014,PT,1230446.0,505886.0,"EEA EU ETS database v02 (Union Registry/EUTL extract), main_activity=10-aviation"
2014,RO,491218.0,314061.0,"EEA EU ETS database v02 (Union Registry/EUTL extract), main_activity=10-aviation"
2014,SE,2823996.0,1537503.0,"EEA EU ETS database v02 (Union Registry/EUTL extract), main_activity=10-aviation"
2014,SI,66206.0,38891.0,"EEA EU ETS database v02 (Union Registry/EUTL extract), main_activity=10-aviation"
2014,SK,24652.0,12065.0,"EEA EU ETS database v02 (Union Registry/EUTL extract), main_activity=10-aviation"
2015,AT,1022489.0,565277.0,"EEA EU ETS database v02 (Union Registry/EUTL extract), main_activity=10-aviation"
2015,BE,1356658.0,584644.0,"EEA EU ETS database v02 (Union Registry/EUTL extract), main_activity=10-aviation"
2015,BG,261531.0,198516.0,"EEA EU ETS database v02 (Union Registry/EUTL extract), main_activity=10-aviation"
2015,CY,2761.0,28.0,"EEA EU ETS database v02 (Union Registry/EUTL extract), main_activity=10-aviation"
2015,CZ,430429.0,374780.0,"EEA EU ETS database v02 (Union Registry/EUTL extract), main_activity=10-aviation"
2015,DE,9084128.0,5141883.0,"EEA EU ETS database v02 (Union Registry/EUTL extract), main_activity=10-aviation"
2015,DK,532135.0,369186.0,"EEA EU ETS database v02 (Union Registry/EUTL extract), main_activity=10-aviation"
2015,EE,72986.0,32448.0,"EEA EU ETS database v02 (Union Registry/EUTL extract), main_activity=10-aviation"
2015,ES,5766364.0,2924695.0,"EEA EU ETS database v02 (Union Registry/EUTL extract), main_activity=10-aviation"
2015,FI,952946.0,493048.0,"EEA EU ETS database v02 (Union Registry/EUTL extract), main_activity=10-aviation"
2015,FR,4055404.0,2093822.0,"EEA EU ETS database v02 (Union Registry/EUTL extract), main_activity=10-aviation"
2015,GB,6353083.0,4102328.0,"EEA EU ETS database v02 (Union Registry/EUTL extract), main_activity=10-aviation"
2015,GR,952885.0,607342.0,"EEA EU ETS database v02 (Union Registry/EUTL extract), main_activity=10-aviation"
2015,HR,154276.0,85828.0,"EEA EU ETS database v02 (Union Registry/EUTL extract), main_activity=10-aviation"
2015,HU,1558359.0,740143.0,"EEA EU ETS database v02 (Union Registry/EUTL extract), main_activity=10-aviation"
2015,IE,8581599.0,5316988.0,"EEA EU ETS database v02 (Union Registry/EUTL extract), main_activity=10-aviation"
2015,IS,548420.0,194379.0,"EEA EU ETS database v02 (Union Registry/EUTL extract), main_activity=10-aviation"
2015,IT,4553201.0,2637871.0,"EEA EU ETS database v02 (Union Registry/EUTL extract), main_activity=10-aviation"
2015,LT,68290.0,12753.0,"EEA EU ETS database v02 (Union Registry/EUTL extract), main_activity=10-aviation"
2015,LU,246598.0,87650.0,"EEA EU ETS database v02 (Union Registry/EUTL extract), main_activity=10-aviation"
2015,LV,345271.0,198868.0,"EEA EU ETS database v02 (Union Registry/EUTL extract), main_activity=10-aviation"
2015,MT,255616.0,177402.0,"EEA EU ETS database v02 (Union Registry/EUTL extract), main_activity=10-aviation"
2015,NL,2344780.0,1242579.0,"EEA EU ETS database v02 (Union Registry/EUTL extract), main_activity=10-aviation"
2015,NO,2246646.0,894012.0,"EEA EU ETS database v02 (Union Registry/EUTL extract), main_activity=10-aviation"
2015,PL,591020.0,230749.0,"EEA EU ETS database v02 (Union Registry/EUTL extract), main_activity=10-aviation"
2015,PT,1280858.0,503819.0,"EEA EU ETS database v02 (Union Registry/EUTL extract), main_activity=10-aviation"
2015,RO,571364.0,314061.0,"EEA EU ETS database v02 (Union Registry/EUTL extract), main_activity=10-aviation"
2015,SE,2808525.0,1537503.0,"EEA EU ETS database v02 (Union Registry/EUTL extract), main_activity=10-aviation"
2015,SI,88387.0,38891.0,"EEA EU ETS database v02 (Union Registry/EUTL extract), main_activity=10-aviation"
2015,SK,21425.0,12065.0,"EEA EU ETS database v02 (Union Registry/EUTL extract), main_activity=10-aviation"
2016,AT,1045372.0,557125.0,"EEA EU ETS database v02 (Union Registry/EUTL extract), main_activity=10-aviation"
2016,BE,1463135.0,573882.0,"EEA EU ETS database v02 (Union Registry/EUTL extract), main_activity=10-aviation"
2016,BG,288886.0,198516.0,"EEA EU ETS database v02 (Union Registry/EUTL extract), main_activity=10-aviation"
2016,CY,36633.0,28.0,"EEA EU ETS database v02 (Union Registry/EUTL extract), main_activity=10-aviation"
2016,CZ,478557.0,374780.0,"EEA EU ETS database v02 (Union Registry/EUTL extract), main_activity=10-aviation"
2016,DE,9437775.0,5146145.0,"EEA EU ETS database v02 (Union Registry/EUTL extract), main_activity=10-aviation"
2016,DK,558122.0,369186.0,"EEA EU ETS database v02 (Union Registry/EUTL extract), main_activity=10-aviation"
2016,EE,15149.0,0.0,"EEA EU ETS database v02 (Union Registry/EUTL extract), main_activity=10-aviation"
2016,ES,6397562.0,2924917.0,"EEA EU ETS database v02 (Union Registry/EUTL extract), main_activity=10-aviation"
2016,FI,988867.0,465579.0,"EEA EU ETS database v02 (Union Registry/EUTL extract), main_activity=10-aviation"
2016,FR,4067686.0,2046782.0,"EEA EU ETS database v02 (Union Registry/EUTL extract), main_activity=10-aviation"
2016,GB,6912136.0,4097526.0,"EEA EU ETS database v02 (Union Registry/EUTL extract), main_activity=10-aviation"
2016,GR,1035881.0,607342.0,"EEA EU ETS database v02 (Union Registry/EUTL extract), main_activity=10-aviation"
2016,HR,162454.0,85828.0,"EEA EU ETS database v02 (Union Registry/EUTL extract), main_activity=10-aviation"
2016,HU,1855247.0,740143.0,"EEA EU ETS database v02 (Union Registry/EUTL extract), main_activity=10-aviation"
2016,IE,10467469.0,5316894.0,"EEA EU ETS database v02 (Union Registry/EUTL extract), main_activity=10-aviation"
2016,IS,721558.0,194379.0,"EEA EU ETS database v02 (Union Registry/EUTL extract), main_activity=10-aviation"
2016,IT,4637190.0,2637860.0,"EEA EU ETS database v02 (Union Registry/EUTL extract), main_activity=10-aviation"
2016,LT,72695.0,12753.0,"EEA EU ETS database v02 (Union Registry/EUTL extract), main_activity=10-aviation"
2016,LU,249179.0,87650.0,"EEA EU ETS database v02 (Union Registry/EUTL extract), main_activity=10-aviation"
2016,LV,348737.0,198868.0,"EEA EU ETS database v02 (Union Registry/EUTL extract), main_activity=10-aviation"
2016,MT,261774.0,177402.0,"EEA EU ETS database v02 (Union Registry/EUTL extract), main_activity=10-aviation"
2016,NL,2598849.0,1242579.0,"EEA EU ETS database v02 (Union Registry/EUTL extract), main_activity=10-aviation"
2016,NO,1592192.0,894035.0,"EEA EU ETS database v02 (Union Registry/EUTL extract), main_activity=10-aviation"
2016,PL,749946.0,230749.0,"EEA EU ETS database v02 (Union Registry/EUTL extract), main_activity=10-aviation"
2016,PT,1239074.0,503817.0,"EEA EU ETS database v02 (Union Registry/EUTL extract), main_activity=10-aviation"
2016,RO,751929.0,314061.0,"EEA EU ETS database v02 (Union Registry/EUTL extract), main_activity=10-aviation"
2016,SE,2889899.0,1537503.0,"EEA EU ETS database v02 (Union Registry/EUTL extract), main_activity=10-aviation"
2016,SI,135814.0,38891.0,"EEA EU ETS database v02 (Union Registry/EUTL extract), main_activity=10-aviation"
2016,SK,14524.0,12065.0,"EEA EU ETS database v02 (Union Registry/EUTL extract), main_activity=10-aviation"
2017,AT,849011.0,557491.0,"EEA EU ETS database v02 (Union Registry/EUTL extract), main_activity=10-aviation"
2017,BE,1538462.0,574567.0,"EEA EU ETS database v02 (Union Registry/EUTL extract), main_activity=10-aviation"
2017,BG,251290.0,198516.0,"EEA EU ETS database v02 (Union Registry/EUTL extract), main_activity=10-aviation"
2017,CY,102553.0,0.0,"EEA EU ETS database v02 (Union Registry/EUTL extract), main_activity=10-aviation"
2017,CZ,495045.0,374779.0,"EEA EU ETS database v02 (Union Registry/EUTL extract), main_activity=10-aviation"
2017,DE,9260447.0,5177806.0,"EEA EU ETS database v02 (Union Registry/EUTL extract), main_activity=10-aviation"
2017,DK,604757.0,377946.0,"EEA EU ETS database v02 (Union Registry/EUTL extract), main_activity=10-aviation"
2017,EE,32360.0,19778.0,"EEA EU ETS database v02 (Union Registry/EUTL extract), main_activity=10-aviation"
2017,ES,6783431.0,3469900.0,"EEA EU ETS database v02 (Union Registry/EUTL extract), main_activity=10-aviation"
2017,FI,1051966.0,493048.0,"EEA EU ETS database v02 (Union Registry/EUTL extract), main_activity=10-aviation"
2017,FR,4178059.0,2047215.0,"EEA EU ETS database v02 (Union Registry/EUTL extract), main_activity=10-aviation"
2017,GB,7324178.0,4097487.0,"EEA EU ETS database v02 (Union Registry/EUTL extract), main_activity=10-aviation"
2017,GR,1083288.0,610686.0,"EEA EU ETS database v02 (Union Registry/EUTL extract), main_activity=10-aviation"
2017,HR,171297.0,85828.0,"EEA EU ETS database v02 (Union Registry/EUTL extract), main_activity=10-aviation"
2017,HU,2110107.0,740143.0,"EEA EU ETS database v02 (Union Registry/EUTL extract), main_activity=10-aviation"
2017,IE,11641461.0,5316894.0,"EEA EU ETS database v02 (Union Registry/EUTL extract), main_activity=10-aviation"
2017,IS,816258.0,360819.0,"EEA EU ETS database v02 (Union Registry/EUTL extract), main_activity=10-aviation"
2017,IT,4586597.0,2591236.0,"EEA EU ETS database v02 (Union Registry/EUTL extract), main_activity=10-aviation"
2017,LT,68441.0,12753.0,"EEA EU ETS database v02 (Union Registry/EUTL extract), main_activity=10-aviation"
2017,LU,251781.0,84252.0,"EEA EU ETS database v02 (Union Registry/EUTL extract), main_activity=10-aviation"
2017,LV,378590.0,198868.0,"EEA EU ETS database v02 (Union Registry/EUTL extract), main_activity=10-aviation"
2017,MT,263220.0,177624.0,"EEA EU ETS database v02 (Union Registry/EUTL extract), main_activity=10-aviation"
2017,NL,2826984.0,1317375.0,"EEA EU ETS database v02 (Union Registry/EUTL extract), main_activity=10-aviation"
2017,NO,1457639.0,894035.0,"EEA EU ETS database v02 (Union Registry/EUTL extract), main_activity=10-aviation"
2017,PL,943715.0,468493.0,"EEA EU ETS database v02 (Union Registry/EUTL extract), main_activity=10-aviation"
2017,PT,1347447.0,503817.0,"EEA EU ETS database v02 (Union Registry/EUTL extract), main_activity=10-aviation"
2017,RO,919126.0,314061.0,"EEA EU ETS database v02 (Union Registry/EUTL extract), main_activity=10-aviation"
2017,SE,2961636.0,1542291.0,"EEA EU ETS database v02 (Union Registry/EUTL extract), main_activity=10-aviation"
2017,SI,103758.0,38891.0,"EEA EU ETS database v02 (Union Registry/EUTL extract), main_activity=10-aviation"
2017,SK,14225.0,12065.0,"EEA EU ETS database v02 (Union Registry/EUTL extract), main_activity=10-aviation"
2018,AT,1246921.0,557491.0,"EEA EU ETS database v02 (Union Registry/EUTL extract), main_activity=10-aviation"
2018,BE,1528280.0,521820.0,"EEA EU ETS database v02 (Union Registry/EUTL extract), main_activity=10-aviation"
2018,BG,257183.0,198516.0,"EEA EU ETS database v02 (Union Registry/EUTL extract), main_activity=10-aviation"
2018,CY,24490.0,0.0,"EEA EU ETS database v02 (Union Registry/EUTL extract), main_activity=10-aviation"
2018,CZ,512962.0,374779.0,"EEA EU ETS database v02 (Union Registry/EUTL extract), main_activity=10-aviation"
2018,DE,9531112.0,3657706.0,"EEA EU ETS database v02 (Union Registry/EUTL extract), main_activity=10-aviation"
2018,DK,547262.0,333797.0,"EEA EU ETS database v02 (Union Registry/EUTL extract), main_activity=10-aviation"
2018,EE,36181.0,19778.0,"EEA EU ETS database v02 (Union Registry/EUTL extract), main_activity=10-aviation"
2018,ES,10755645.0,3453247.0,"EEA EU ETS database v02 (Union Registry/EUTL extract), main_activity=10-aviation"
2018,FI,1170188.0,493048.0,"EEA EU ETS database v02 (Union Registry/EUTL extract), main_activity=10-aviation"
2018,FR,4237451.0,2047231.0,"EEA EU ETS database v02 (Union Registry/EUTL extract), main_activity=10-aviation"
2018,GB,4148125.0,3614580.0,"EEA EU ETS database v02 (Union Registry/EUTL extract), main_activity=10-aviation"
2018,GR,1156450.0,614280.0,"EEA EU ETS database v02 (Union Registry/EUTL extract), main_activity=10-aviation"
2018,HR,174695.0,85828.0,"EEA EU ETS database v02 (Union Registry/EUTL extract), main_activity=10-aviation"
2018,HU,2329329.0,740143.0,"EEA EU ETS database v02 (Union Registry/EUTL extract), main_activity=10-aviation"
2018,IE,12432199.0,5316892.0,"EEA EU ETS database v02 (Union Registry/EUTL extract), main_activity=10-aviation"
2018,IS,823044.0,360819.0,"EEA EU ETS database v02 (Union Registry/EUTL extract), main_activity=10-aviation"
2018,IT,4592206.0,2639677.0,"EEA EU ETS database v02 (Union Registry/EUTL extract), main_activity=10-aviation"
2018,LT,62452.0,12753.0,"EEA EU ETS database v02 (Union Registry/EUTL extract), main_activity=10-aviation"
2018,LU,263621.0,84252.0,"EEA EU ETS database v02 (Union Registry/EUTL extract), main_activity=10-aviation"
2018,LV,399578.0,198868.0,"EEA EU ETS database v02 (Union Registry/EUTL extract), main_activity=10-aviation"
2018,MT,340908.0,177624.0,"EEA EU ETS database v02 (Union Registry/EUTL extract), main_activity=10-aviation"
2018,NL,2841237.0,1317375.0,"EEA EU ETS database v02 (Union Registry/EUTL extract), main_activity=10-aviation"
2018,NO,1518319.0,894037.0,"EEA EU ETS database v02 (Union Registry/EUTL extract), main_activity=10-aviation"
2018,PL,1142534.0,468493.0,"EEA EU ETS database v02 (Union Registry/EUTL extract), main_activity=10-aviation"
2018,PT,1503870.0,503817.0,"EEA EU ETS database v02 (Union Registry/EUTL extract), main_activity=10-aviation"
2018,RO,952934.0,314061.0,"EEA EU ETS database v02 (Union Registry/EUTL extract), main_activity=10-aviation"
2018,SE,2860973.0,1533007.0,"EEA EU ETS database v02 (Union Registry/EUTL extract), main_activity=10-aviation"
2018,SI,97383.0,38891.0,"EEA EU ETS database v02 (Union Registry/EUTL extract), main_activity=10-aviation"
2018,SK,12071.0,12065.0,"EEA EU ETS database v02 (Union Registry/EUTL extract), main_activity=10-aviation"
2019,AT,3808809.0,2378437.0,"EEA EU ETS database v02 (Union Registry/EUTL extract), main_activity=10-aviation"
2019,BE,1383003.0,514176.0,"EEA EU ETS database v02 (Union Registry/EUTL extract), main_activity=10-aviation"
2019,BG,277839.0,198516.0,"EEA EU ETS database v02 (Union Registry/EUTL extract), main_activity=10-aviation"
2019,CY,28831.0,0.0,"EEA EU ETS database v02 (Union Registry/EUTL extract), main_activity=10-aviation"
2019,CZ,484353.0,374779.0,"EEA EU ETS database v02 (Union Registry/EUTL extract), main_activity=10-aviation"
2019,DE,9141580.0,3646772.0,"EEA EU ETS database v02 (Union Registry/EUTL extract), main_activity=10-aviation"
2019,DK,560180.0,333797.0,"EEA EU ETS database v02 (Union Registry/EUTL extract), main_activity=10-aviation"
2019,EE,28397.0,19778.0,"EEA EU ETS database v02 (Union Registry/EUTL extract), main_activity=10-aviation"
2019,ES,11959842.0,4574910.0,"EEA EU ETS database v02 (Union Registry/EUTL extract), main_activity=10-aviation"
2019,FI,1252207.0,493048.0,"EEA EU ETS database v02 (Union Registry/EUTL extract), main_activity=10-aviation"
2019,FR,4221394.0,1997387.0,"EEA EU ETS database v02 (Union Registry/EUTL extract), main_activity=10-aviation"
2019,GB,1114199.0,671962.0,"EEA EU ETS database v02 (Union Registry/EUTL extract), main_activity=10-aviation"
2019,GR,1220992.0,613642.0,"EEA EU ETS database v02 (Union Registry/EUTL extract), main_activity=10-aviation"
2019,HR,178606.0,85828.0,"EEA EU ETS database v02 (Union Registry/EUTL extract), main_activity=10-aviation"
2019,HU,2384088.0,740143.0,"EEA EU ETS database v02 (Union Registry/EUTL extract), main_activity=10-aviation"
2019,IE,12780254.0,5225618.0,"EEA EU ETS database v02 (Union Registry/EUTL extract), main_activity=10-aviation"
2019,IS,598093.0,208437.0,"EEA EU ETS database v02 (Union Registry/EUTL extract), main_activity=10-aviation"
2019,IT,4618109.0,2639678.0,"EEA EU ETS database v02 (Union Registry/EUTL extract), main_activity=10-aviation"
2019,LT,20205.0,0.0,"EEA EU ETS database v02 (Union Registry/EUTL extract), main_activity=10-aviation"
2019,LU,265155.0,84252.0,"EEA EU ETS database v02 (Union Registry/EUTL extract), main_activity=10-aviation"
2019,LV,416357.0,198868.0,"EEA EU ETS database v02 (Union Registry/EUTL extract), main_activity=10-aviation"
2019,MT,389164.0,177624.0,"EEA EU ETS database v02 (Union Registry/EUTL extract), main_activity=10-aviation"
2019,NL,2938207.0,1317375.0,"EEA EU ETS database v02 (Union Registry/EUTL extract), main_activity=10-aviation"
2019,NO,1572058.0,894035.0,"EEA EU ETS database v02 (Union Registry/EUTL extract), main_activity=10-aviation"
2019,PL,1097467.0,356269.0,"EEA EU ETS database v02 (Union Registry/EUTL extract), main_activity=10-aviation"
2019,PT,1554584.0,503817.0,"EEA EU ETS database v02 (Union Registry/EUTL extract), main_activity=10-aviation"
2019,RO,1068766.0,314061.0,"EEA EU ETS database v02 (Union Registry/EUTL extract), main_activity=10-aviation"
2019,SE,2764968.0,1527373.0,"EEA EU ETS database v02 (Union Registry/EUTL extract), main_activity=10-aviation"
2019,SI,48220.0,38891.0,"EEA EU ETS database v02 (Union Registry/EUTL extract), main_activity=10-aviation"
2019,SK,5357.0,12065.0,"EEA EU ETS database v02 (Union Registry/EUTL extract), main_activity=10-aviation"
2020,AT,1232596.0,2477724.0,"EEA EU ETS database v02 (Union Registry/EUTL extract), main_activity=10-aviation"
2020,BE,565483.0,519391.0,"EEA EU ETS database v02 (Union Registry/EUTL extract), main_activity=10-aviation"
2020,BG,117444.0,200580.0,"EEA EU ETS database v02 (Union Registry/EUTL extract), main_activity=10-aviation"
2020,CY,12274.0,0.0,"EEA EU ETS database v02 (Union Registry/EUTL extract), main_activity=10-aviation"
2020,CZ,99344.0,376591.0,"EEA EU ETS database v02 (Union Registry/EUTL extract), main_activity=10-aviation"
2020,DE,3960110.0,3691756.0,"EEA EU ETS database v02 (Union Registry/EUTL extract), main_activity=10-aviation"
2020,DK,207465.0,327927.0,"EEA EU ETS database v02 (Union Registry/EUTL extract), main_activity=10-aviation"
2020,ES,3420378.0,4782899.0,"EEA EU ETS database v02 (Union Registry/EUTL extract), main_activity=10-aviation"
2020,FI,400826.0,523522.0,"EEA EU ETS database v02 (Union Registry/EUTL extract), main_activity=10-aviation"
2020,FR,1859301.0,1986981.0,"EEA EU ETS database v02 (Union Registry/EUTL extract), main_activity=10-aviation"
2020,GB,219580.0,565286.0,"EEA EU ETS database v02 (Union Registry/EUTL extract), main_activity=10-aviation"
2020,GR,496260.0,629859.0,"EEA EU ETS database v02 (Union Registry/EUTL extract), main_activity=10-aviation"
2020,HR,74828.0,91506.0,"EEA EU ETS database v02 (Union Registry/EUTL extract), main_activity=10-aviation"
2020,HU,1236739.0,738473.0,"EEA EU ETS database v02 (Union Registry/EUTL extract), main_activity=10-aviation"
2020,IE,4751885.0,5242941.0,"EEA EU ETS database v02 (Union Registry/EUTL extract), main_activity=10-aviation"
2020,IS,190744.0,211090.0,"EEA EU ETS database v02 (Union Registry/EUTL extract), main_activity=10-aviation"
2020,IT,1688131.0,2711905.0,"EEA EU ETS database v02 (Union Registry/EUTL extract), main_activity=10-aviation"
2020,LT,8002.0,0.0,"EEA EU ETS database v02 (Union Registry/EUTL extract), main_activity=10-aviation"
2020,LU,128313.0,85602.0,"EEA EU ETS database v02 (Union Registry/EUTL extract), main_activity=10-aviation"
2020,LV,167073.0,198905.0,"EEA EU ETS database v02 (Union Registry/EUTL extract), main_activity=10-aviation"
2020,MT,194797.0,186829.0,"EEA EU ETS database v02 (Union Registry/EUTL extract), main_activity=10-aviation"
2020,NL,1263527.0,1356368.0,"EEA EU ETS database v02 (Union Registry/EUTL extract), main_activity=10-aviation"
2020,NO,574770.0,900010.0,"EEA EU ETS database v02 (Union Registry/EUTL extract), main_activity=10-aviation"
2020,PL,429191.0,368527.0,"EEA EU ETS database v02 (Union Registry/EUTL extract), main_activity=10-aviation"
2020,PT,567676.0,567497.0,"EEA EU ETS database v02 (Union Registry/EUTL extract), main_activity=10-aviation"
2020,RO,375041.0,315104.0,"EEA EU ETS database v02 (Union Registry/EUTL extract), main_activity=10-aviation"
2020,SE,1017394.0,1547266.0,"EEA EU ETS database v02 (Union Registry/EUTL extract), main_activity=10-aviation"
2021,AT,1615585.0,2279760.0,"EEA EU ETS database v02 (Union Registry/EUTL extract), main_activity=10-aviation"
2021,BE,745064.0,492640.0,"EEA EU ETS database v02 (Union Registry/EUTL extract), main_activity=10-aviation"
2021,BG,122332.0,102054.0,"EEA EU ETS database v02 (Union Registry/EUTL extract), main_activity=10-aviation"
2021,CY,7463.0,0.0,"EEA EU ETS database v02 (Union Registry/EUTL extract), main_activity=10-aviation"
2021,CZ,164326.0,360889.0,"EEA EU ETS database v02 (Union Registry/EUTL extract), main_activity=10-aviation"
2021,DE,4690705.0,3369767.0,"EEA EU ETS database v02 (Union Registry/EUTL extract), main_activity=10-aviation"
2021,DK,261064.0,306754.0,"EEA EU ETS database v02 (Union Registry/EUTL extract), main_activity=10-aviation"
2021,EE,9525.0,9716.0,"EEA EU ETS database v02 (Union Registry/EUTL extract), main_activity=10-aviation"
2021,ES,3354009.0,2624084.0,"EEA EU ETS database v02 (Union Registry/EUTL extract), main_activity=10-aviation"
2021,FI,340437.0,485809.0,"EEA EU ETS database v02 (Union Registry/EUTL extract), main_activity=10-aviation"
2021,FR,2262074.0,1812702.0,"EEA EU ETS database v02 (Union Registry/EUTL extract), main_activity=10-aviation"
2021,GR,737790.0,572675.0,"EEA EU ETS database v02 (Union Registry/EUTL extract), main_activity=10-aviation"
2021,HR,108788.0,74645.0,"EEA EU ETS database v02 (Union Registry/EUTL extract), main_activity=10-aviation"
2021,HU,1228309.0,608784.0,"EEA EU ETS database v02 (Union Registry/EUTL extract), main_activity=10-aviation"
2021,IE,5293047.0,4057799.0,"EEA EU ETS database v02 (Union Registry/EUTL extract), main_activity=10-aviation"
2021,IS,267515.0,185691.0,"EEA EU ETS database v02 (Union Registry/EUTL extract), main_activity=10-aviation"
2021,IT,1080710.0,1569582.0,"EEA EU ETS database v02 (Union Registry/EUTL extract), main_activity=10-aviation"
2021,LT,16576.0,0.0,"EEA EU ETS database v02 (Union Registry/EUTL extract), main_activity=10-aviation"
2021,LU,154663.0,73267.0,"EEA EU ETS database v02 (Union Registry/EUTL extract), main_activity=10-aviation"
2021,LV,232821.0,196328.0,"EEA EU ETS database v02 (Union Registry/EUTL extract), main_activity=10-aviation"
2021,MT,260375.0,146420.0,"EEA EU ETS database v02 (Union Registry/EUTL extract), main_activity=10-aviation"
2021,NL,1651252.0,1219395.0,"EEA EU ETS database v02 (Union Registry/EUTL extract), main_activity=10-aviation"
2021,NO,742920.0,842273.0,"EEA EU ETS database v02 (Union Registry/EUTL extract), main_activity=10-aviation"
2021,PL,497959.0,288022.0,"EEA EU ETS database v02 (Union Registry/EUTL extract), main_activity=10-aviation"
2021,PT,657347.0,523959.0,"EEA EU ETS database v02 (Union Registry/EUTL extract), main_activity=10-aviation"
2021,RO,392336.0,272340.0,"EEA EU ETS database v02 (Union Registry/EUTL extract), main_activity=10-aviation"
2021,SE,1050735.0,1462582.0,"EEA EU ETS database v02 (Union Registry/EUTL extract), main_activity=10-aviation"
2021,SK,8655.0,11786.0,"EEA EU ETS database v02 (Union Registry/EUTL extract), main_activity=10-aviation"
