country,year,ktoe,source
AL,2010,17.46,"Eurostat nrg_bal_c, nrg_bal=INTAVI, siec=O4661XR5230B (kerosene-type jet fuel, excl. biofuel), unit=KTOE"
AL,2011,20.541,"Eurostat nrg_bal_c, nrg_bal=INTAVI, siec=O4661XR5230B (kerosene-type jet fuel, excl. biofuel), unit=KTOE"
AL,2012,20.541,"Eurostat nrg_bal_c, nrg_bal=INTAVI, siec=O4661XR5230B (kerosene-type jet fuel, excl. biofuel), unit=KTOE"
AL,2013,21.568,"Eurostat nrg_bal_c, nrg_bal=INTAVI, siec=O4661XR5230B (kerosene-type jet fuel, excl. biofuel), unit=KTOE"
AL,2014,8.216,"Eurostat nrg_bal_c, nrg_bal=INTAVI, siec=O4661XR5230B (kerosene-type jet fuel, excl. biofuel), unit=KTOE"
AL,2015,2.054,"Eurostat nrg_bal_c, nrg_bal=INTAVI, siec=O4661XR5230B (kerosene-type jet fuel, excl. biofuel), unit=KTOE"
AL,2016,6.162,"Eurostat nrg_bal_c, nrg_bal=INTAVI, siec=O4661XR5230B (kerosene-type jet fuel, excl. biofuel), unit=KTOE"
AL,2017,7.477,"Eurostat nrg_bal_c, nrg_bal=INTAVI, siec=O4661XR5230B (kerosene-type jet fuel, excl. biofuel), unit=KTOE"
AL,2018,6.871,"Eurostat nrg_bal_c, nrg_bal=INTAVI, siec=O4661XR5230B (kerosene-type jet fuel, excl. biofuel), unit=KTOE"
AL,2019,21.568,"Eurostat nrg_bal_c, nrg_bal=INTAVI, siec=O4661XR5230B (kerosene-type jet fuel, excl. biofuel), unit=KTOE"
AL,2020,16.227,"Eurostat nrg_bal_c, nrg_bal=INTAVI, siec=O4661XR5230B (kerosene-type jet fuel, excl. biofuel), unit=KTOE"
AL,2021,16.484,"Eurostat nrg_bal_c, nrg_bal=INTAVI, siec=O4661XR5230B (kerosene-type jet fuel, excl. biofuel), unit=KTOE"
AL,2022,37.872,"Eurostat nrg_bal_c, nrg_bal=INTAVI, siec=O4661XR5230B (kerosene-type jet fuel, excl. biofuel), unit=KTOE"
AL,2023,58.138,"Eurostat nrg_bal_c, nrg_bal=INTAVI, siec=O4661XR5230B (kerosene-type jet fuel, excl. biofuel), unit=KTOE"
AL,2024,87.904,"Eurostat nrg_bal_c, nrg_bal=INTAVI, siec=O4661XR5230B (kerosene-type jet fuel, excl. biofuel), unit=KTOE"
AT,2010,667.046,"Eurostat nrg_bal_c, nrg_bal=INTAVI, siec=O4661XR5230B (kerosene-type jet fuel, excl. biofuel), unit=KTOE"
AT,2011,700.668,"Eurostat nrg_bal_c, nrg_bal=INTAVI, siec=O4661XR5230B (kerosene-type jet fuel, excl. biofuel), unit=KTOE"
AT,2012,680.44,"Eurostat nrg_bal_c, nrg_bal=INTAVI, siec=O4661XR5230B (kerosene-type jet fuel, excl. biofuel), unit=KTOE"
AT,2013,648.256,"Eurostat nrg_bal_c, nrg_bal=INTAVI, siec=O4661XR5230B (kerosene-type jet fuel, excl. biofuel), unit=KTOE"
AT,2014,649.119,"Eurostat nrg_bal_c, nrg_bal=INTAVI, siec=O4661XR5230B (kerosene-type jet fuel, excl. biofuel), unit=KTOE"
AT,2015,698.456,"Eurostat nrg_bal_c, nrg_bal=INTAVI, siec=O4661XR5230B (kerosene-type jet fuel, excl. biofuel), unit=KTOE"
AT,2016,763.273,"Eurostat nrg_bal_c, nrg_bal=INTAVI, siec=O4661XR5230B (kerosene-type jet fuel, excl. biofuel), unit=KTOE"
AT,2017,737.391,"Eurostat nrg_bal_c, nrg_bal=INTAVI, siec=O4661XR5230B (kerosene-type jet fuel, excl. biofuel), unit=KTOE"
AT,2018,830.633,"Eurostat nrg_bal_c, nrg_bal=INTAVI, siec=O4661XR5230B (kerosene-type jet fuel, excl. biofuel), unit=KTOE"
AT,2019,959.898,"Eurostat nrg_bal_c, nrg_bal=INTAVI, siec=O4661XR5230B (kerosene-type jet fuel, excl. biofuel), unit=KTOE"
AT,2020,318.734,"Eurostat nrg_bal_c, nrg_bal=INTAVI, siec=O4661XR5230B (kerosene-type jet fuel, excl. biofuel), unit=KTOE"
AT,2021,403.935,"Eurostat nrg_bal_c, nrg_bal=INTAVI, siec=O4661XR5230B (kerosene-type jet fuel, excl. biofuel), unit=KTOE"
AT,2022,613.976,"Eurostat nrg_bal_c, nrg_bal=INTAVI, siec=O4661XR5230B (kerosene-type jet fuel, excl. biofuel), unit=KTOE"
AT,2023,864.7,"Eurostat nrg_bal_c, nrg_bal=INTAVI, siec=O4661XR5230B (kerosene-type jet fuel, excl. biofuel), unit=KTOE"
AT,2024,965.06,"Eurostat nrg_bal_c, nrg_bal=INTAVI, siec=O4661XR5230B (kerosene-type jet fuel, excl. biofuel), unit=KTOE"
BA,2014,4.2,"Eurostat nrg_bal_c, nrg_bal=INTAVI, siec=O4661XR5230B (kerosene-type jet fuel, excl. biofuel), unit=KTOE"
BA,2015,6.3,"Eurostat nrg_bal_c, nrg_bal=INTAVI, siec=O4661XR5230B (kerosene-type jet fuel, excl. biofuel), unit=KTOE"
BA,2016,10.5,"Eurostat nrg_bal_c, nrg_bal=INTAVI, siec=O4661XR5230B (kerosene-type jet fuel, excl. biofuel), unit=KTOE"
BA,2017,10.5,"Eurostat nrg_bal_c, nrg_bal=INTAVI, siec=O4661XR5230B (kerosene-type jet fuel, excl. biofuel), unit=KTOE"
BA,2018,7.76,"Eurostat nrg_bal_c, nrg_bal=INTAVI, siec=O4661XR5230B (kerosene-type jet fuel, excl. biofuel), unit=KTOE"
BA,2019,9.48,"Eurostat nrg_bal_c, nrg_bal=INTAVI, siec=O4661XR5230B (kerosene-type jet fuel, excl. biofuel), unit=KTOE"
BA,2020,3.871,"Eurostat nrg_bal_c, nrg_bal=INTAVI, siec=O4661XR5230B (kerosene-type jet fuel, excl. biofuel), unit=KTOE"
BA,2021,14.366,"Eurostat nrg_bal_c, nrg_bal=INTAVI, siec=O4661XR5230B (kerosene-type jet fuel, excl. biofuel), unit=KTOE"
BA,2022,30.596,"Eurostat nrg_bal_c, nrg_bal=INTAVI, siec=O4661XR5230B (kerosene-type jet fuel, excl. biofuel), unit=KTOE"
BA,2023,32.0,"Eurostat nrg_bal_c, nrg_bal=INTAVI, siec=O4661XR5230B (kerosene-type jet fuel, excl. biofuel), unit=KTOE"
BA,2024,31.463,"Eurostat nrg_bal_c, nrg_bal=INTAVI, siec=O4661XR5230B (kerosene-type jet fuel, excl. biofuel), unit=KTOE"
BE,2010,1375.306,"Eurostat nrg_bal_c, nrg_bal=INTAVI, siec=O4661XR5230B (kerosene-type jet fuel, excl. biofuel), unit=KTOE"
BE,2011,1461.063,"Eurostat nrg_bal_c, nrg_bal=INTAVI, siec=O4661XR5230B (kerosene-type jet fuel, excl. biofuel), unit=KTOE"
BE,2012,1345.008,"Eurostat nrg_bal_c, nrg_bal=INTAVI, siec=O4661XR5230B (kerosene-type jet fuel, excl. biofuel), unit=KTOE"
BE,2013,1273.013,"Eurostat nrg_bal_c, nrg_bal=INTAVI, siec=O4661XR5230B (kerosene-type jet fuel, excl. biofuel), unit=KTOE"
BE,2014,1330.424,"Eurostat nrg_bal_c, nrg_bal=INTAVI, siec=O4661XR5230B (kerosene-type jet fuel, excl. biofuel), unit=KTOE"
BE,2015,1445.863,"Eurostat nrg_bal_c, nrg_bal=INTAVI, siec=O4661XR5230B (kerosene-type jet fuel, excl. biofuel), unit=KTOE"
BE,2016,1439.085,"Eurostat nrg_bal_c, nrg_bal=INTAVI, siec=O4661XR5230B (kerosene-type jet fuel, excl. biofuel), unit=KTOE"
BE,2017,1581.329,"Eurostat nrg_bal_c, nrg_bal=INTAVI, siec=O4661XR5230B (kerosene-type jet fuel, excl. biofuel), unit=KTOE"
BE,2018,1685.882,"Eurostat nrg_bal_c, nrg_bal=INTAVI, siec=O4661XR5230B (kerosene-type jet fuel, excl. biofuel), unit=KTOE"
BE,2019,1704.368,"Eurostat nrg_bal_c, nrg_bal=INTAVI, siec=O4661XR5230B (kerosene-type jet fuel, excl. biofuel), unit=KTOE"
BE,2020,1198.246,"Eurostat nrg_bal_c, nrg_bal=INTAVI, siec=O4661XR5230B (kerosene-type jet fuel, excl. biofuel), unit=KTOE"
BE,2021,1512.027,"Eurostat nrg_bal_c, nrg_bal=INTAVI, siec=O4661XR5230B (kerosene-type jet fuel, excl. biofuel), unit=KTOE"
BE,2022,1751.339,"Eurostat nrg_bal_c, nrg_bal=INTAVI, siec=O4661XR5230B (kerosene-type jet fuel, excl. biofuel), unit=KTOE"
BE,2023,1754.815,"Eurostat nrg_bal_c, nrg_bal=INTAVI, siec=O4661XR5230B (kerosene-type jet fuel, excl. biofuel), unit=KTOE"
BE,2024,1907.861,"Eurostat nrg_bal_c, nrg_bal=INTAVI, siec=O4661XR5230B (kerosene-type jet fuel, excl. biofuel), unit=KTOE"
BG,2010,167.407,"Eurostat nrg_bal_c, nrg_bal=INTAVI, siec=O4661XR5230B (kerosene-type jet fuel, excl. biofuel), unit=KTOE"
BG,2011,169.461,"Eurostat nrg_bal_c, nrg_bal=INTAVI, siec=O4661XR5230B (kerosene-type jet fuel, excl. biofuel), unit=KTOE"
BG,2012,163.299,"Eurostat nrg_bal_c, nrg_bal=INTAVI, siec=O4661XR5230B (kerosene-type jet fuel, excl. biofuel), unit=KTOE"
BG,2013,159.191,"Eurostat nrg_bal_c, nrg_bal=INTAVI, siec=O4661XR5230B (kerosene-type jet fuel, excl. biofuel), unit=KTOE"
BG,2014,169.461,"Eurostat nrg_bal_c, nrg_bal=INTAVI, siec=O4661XR5230B (kerosene-type jet fuel, excl. biofuel), unit=KTOE"
BG,2015,176.65,"Eurostat nrg_bal_c, nrg_bal=INTAVI, siec=O4661XR5230B (kerosene-type jet fuel, excl. biofuel), unit=KTOE"
BG,2016,212.597,"Eurostat nrg_bal_c, nrg_bal=INTAVI, siec=O4661XR5230B (kerosene-type jet fuel, excl. biofuel), unit=KTOE"
BG,2017,237.966,"Eurostat nrg_bal_c, nrg_bal=INTAVI, siec=O4661XR5230B (kerosene-type jet fuel, excl. biofuel), unit=KTOE"
BG,2018,256.06,"Eurostat nrg_bal_c, nrg_bal=INTAVI, siec=O4661XR5230B (kerosene-type jet fuel, excl. biofuel), unit=KTOE"
BG,2019,238.177,"Eurostat nrg_bal_c, nrg_bal=INTAVI, siec=O4661XR5230B (kerosene-type jet fuel, excl. biofuel), unit=KTOE"
BG,2020,137.56,"Eurostat nrg_bal_c, nrg_bal=INTAVI, siec=O4661XR5230B (kerosene-type jet fuel, excl. biofuel), unit=KTOE"
BG,2021,163.869,"Eurostat nrg_bal_c, nrg_bal=INTAVI, siec=O4661XR5230B (kerosene-type jet fuel, excl. biofuel), unit=KTOE"
BG,2022,218.882,"Eurostat nrg_bal_c, nrg_bal=INTAVI, siec=O4661XR5230B (kerosene-type jet fuel, excl. biofuel), unit=KTOE"
BG,2023,235.873,"Eurostat nrg_bal_c, nrg_bal=INTAVI, siec=O4661XR5230B (kerosene-type jet fuel, excl. biofuel), unit=KTOE"
BG,2024,233.534,"Eurostat nrg_bal_c, nrg_bal=INTAVI, siec=O4661XR5230B (kerosene-type jet fuel, excl. biofuel), unit=KTOE"
CY,2010,284.394,"Eurostat nrg_bal_c, nrg_bal=INTAVI, siec=O4661XR5230B (kerosene-type jet fuel, excl. biofuel), unit=KTOE"
CY,2011,309.673,"Eurostat nrg_bal_c, nrg_bal=INTAVI, siec=O4661XR5230B (kerosene-type jet fuel, excl. biofuel), unit=KTOE"
CY,2012,278.074,"Eurostat nrg_bal_c, nrg_bal=INTAVI, siec=O4661XR5230B (kerosene-type jet fuel, excl. biofuel), unit=KTOE"
CY,2013,247.528,"Eurostat nrg_bal_c, nrg_bal=INTAVI, siec=O4661XR5230B (kerosene-type jet fuel, excl. biofuel), unit=KTOE"
CY,2014,243.315,"Eurostat nrg_bal_c, nrg_bal=INTAVI, siec=O4661XR5230B (kerosene-type jet fuel, excl. biofuel), unit=KTOE"
CY,2015,245.421,"Eurostat nrg_bal_c, nrg_bal=INTAVI, siec=O4661XR5230B (kerosene-type jet fuel, excl. biofuel), unit=KTOE"
CY,2016,277.021,"Eurostat nrg_bal_c, nrg_bal=INTAVI, siec=O4661XR5230B (kerosene-type jet fuel, excl. biofuel), unit=KTOE"
CY,2017,313.682,"Eurostat nrg_bal_c, nrg_bal=INTAVI, siec=O4661XR5230B (kerosene-type jet fuel, excl. biofuel), unit=KTOE"
CY,2018,324.665,"Eurostat nrg_bal_c, nrg_bal=INTAVI, siec=O4661XR5230B (kerosene-type jet fuel, excl. biofuel), unit=KTOE"
CY,2019,310.948,"Eurostat nrg_bal_c, nrg_bal=INTAVI, siec=O4661XR5230B (kerosene-type jet fuel, excl. biofuel), unit=KTOE"
CY,2020,95.192,"Eurostat nrg_bal_c, nrg_bal=INTAVI, siec=O4661XR5230B (kerosene-type jet fuel, excl. biofuel), unit=KTOE"
CY,2021,157.68,"Eurostat nrg_bal_c, nrg_bal=INTAVI, siec=O4661XR5230B (kerosene-type jet fuel, excl. biofuel), unit=KTOE"
CY,2022,264.674,"Eurostat nrg_bal_c, nrg_bal=INTAVI, siec=O4661XR5230B (kerosene-type jet fuel, excl. biofuel), unit=KTOE"
CY,2023,306.506,"Eurostat nrg_bal_c, nrg_bal=INTAVI, siec=O4661XR5230B (kerosene-type jet fuel, excl. biofuel), unit=KTOE"
CY,2024,317.139,"Eurostat nrg_bal_c, nrg_bal=INTAVI, siec=O4661XR5230B (kerosene-type jet fuel, excl. biofuel), unit=KTOE"
CZ,2010,313.363,"Eurostat nrg_bal_c, nrg_bal=INTAVI, siec=O4661XR5230B (kerosene-type jet fuel, excl. biofuel), unit=KTOE"
CZ,2011,310.261,"Eurostat nrg_bal_c, nrg_bal=INTAVI, siec=O4661XR5230B (kerosene-type jet fuel, excl. biofuel), unit=KTOE"
CZ,2012,293.714,"Eurostat nrg_bal_c, nrg_bal=INTAVI, siec=O4661XR5230B (kerosene-type jet fuel, excl. biofuel), unit=KTOE"
CZ,2013,283.372,"Eurostat nrg_bal_c, nrg_bal=INTAVI, siec=O4661XR5230B (kerosene-type jet fuel, excl. biofuel), unit=KTOE"
CZ,2014,292.679,"Eurostat nrg_bal_c, nrg_bal=INTAVI, siec=O4661XR5230B (kerosene-type jet fuel, excl. biofuel), unit=KTOE"
CZ,2015,294.748,"Eurostat nrg_bal_c, nrg_bal=INTAVI, siec=O4661XR5230B (kerosene-type jet fuel, excl. biofuel), unit=KTOE"
CZ,2016,316.466,"Eurostat nrg_bal_c, nrg_bal=INTAVI, siec=O4661XR5230B (kerosene-type jet fuel, excl. biofuel), unit=KTOE"
CZ,2017,354.732,"Eurostat nrg_bal_c, nrg_bal=INTAVI, siec=O4661XR5230B (kerosene-type jet fuel, excl. biofuel), unit=KTOE"
CZ,2018,409.544,"Eurostat nrg_bal_c, nrg_bal=INTAVI, siec=O4661XR5230B (kerosene-type jet fuel, excl. biofuel), unit=KTOE"
CZ,2019,418.852,"Eurostat nrg_bal_c, nrg_bal=INTAVI, siec=O4661XR5230B (kerosene-type jet fuel, excl. biofuel), unit=KTOE"
CZ,2020,113.762,"Eurostat nrg_bal_c, nrg_bal=INTAVI, siec=O4661XR5230B (kerosene-type jet fuel, excl. biofuel), unit=KTOE"
CZ,2021,153.062,"Eurostat nrg_bal_c, nrg_bal=INTAVI, siec=O4661XR5230B (kerosene-type jet fuel, excl. biofuel), unit=KTOE"
CZ,2022,264.756,"Eurostat nrg_bal_c, nrg_bal=INTAVI, siec=O4661XR5230B (kerosene-type jet fuel, excl. biofuel), unit=KTOE"
CZ,2023,341.287,"Eurostat nrg_bal_c, nrg_bal=INTAVI, siec=O4661XR5230B (kerosene-type jet fuel, excl. biofuel), unit=KTOE"
CZ,2024,448.844,"Eurostat nrg_bal_c, nrg_bal=INTAVI, siec=O4661XR5230B (kerosene-type jet fuel, excl. biofuel), unit=KTOE"
DE,2010,7946.03,"Eurostat nrg_bal_c, nrg_bal=INTAVI, siec=O4661XR5230B (kerosene-type jet fuel, excl. biofuel), unit=KTOE"
DE,2011,7655.708,"Eurostat nrg_bal_c, nrg_bal=INTAVI, siec=O4661XR5230B (kerosene-type jet fuel, excl. biofuel), unit=KTOE"
DE,2012,8167.861,"Eurostat nrg_bal_c, nrg_bal=INTAVI, siec=O4661XR5230B (kerosene-type jet fuel, excl. biofuel), unit=KTOE"
DE,2013,8331.423,"Eurostat nrg_bal_c, nrg_bal=INTAVI, siec=O4661XR5230B (kerosene-type jet fuel, excl. biofuel), unit=KTOE"
DE,2014,8000.21,"Eurostat nrg_bal_c, nrg_bal=INTAVI, siec=O4661XR5230B (kerosene-type jet fuel, excl. biofuel), unit=KTOE"
DE,2015,8010.433,"Eurostat nrg_bal_c, nrg_bal=INTAVI, siec=O4661XR5230B (kerosene-type jet fuel, excl. biofuel), unit=KTOE"
DE,2016,8616.633,"Eurostat nrg_bal_c, nrg_bal=INTAVI, siec=O4661XR5230B (kerosene-type jet fuel, excl. biofuel), unit=KTOE"
DE,2017,9526.445,"Eurostat nrg_bal_c, nrg_bal=INTAVI, siec=O4661XR5230B (kerosene-type jet fuel, excl. biofuel), unit=KTOE"
DE,2018,9824.945,"Eurostat nrg_bal_c, nrg_bal=INTAVI, siec=O4661XR5230B (kerosene-type jet fuel, excl. biofuel), unit=KTOE"
DE,2019,9744.186,"Eurostat nrg_bal_c, nrg_bal=INTAVI, siec=O4661XR5230B (kerosene-type jet fuel, excl. biofuel), unit=KTOE"
DE,2020,4553.148,"Eurostat nrg_bal_c, nrg_bal=INTAVI, siec=O4661XR5230B (kerosene-type jet fuel, excl. biofuel), unit=KTOE"
DE,2021,6018.047,"Eurostat nrg_bal_c, nrg_bal=INTAVI, siec=O4661XR5230B (kerosene-type jet fuel, excl. biofuel), unit=KTOE"
DE,2022,8943.757,"Eurostat nrg_bal_c, nrg_bal=INTAVI, siec=O4661XR5230B (kerosene-type jet fuel, excl. biofuel), unit=KTOE"
DE,2023,9326.082,"Eurostat nrg_bal_c, nrg_bal=INTAVI, siec=O4661XR5230B (kerosene-type jet fuel, excl. biofuel), unit=KTOE"
DE,2024,8877.31,"Eurostat nrg_bal_c, nrg_bal=INTAVI, siec=O4661XR5230B (kerosene-type jet fuel, excl. biofuel), unit=KTOE"
DK,2010,807.287,"Eurostat nrg_bal_c, nrg_bal=INTAVI, siec=O4661XR5230B (kerosene-type jet fuel, excl. biofuel), unit=KTOE"
DK,2011,829.106,"Eurostat nrg_bal_c, nrg_bal=INTAVI, siec=O4661XR5230B (kerosene-type jet fuel, excl. biofuel), unit=KTOE"
DK,2012,837.418,"Eurostat nrg_bal_c, nrg_bal=INTAVI, siec=O4661XR5230B (kerosene-type jet fuel, excl. biofuel), unit=KTOE"
DK,2013,829.106,"Eurostat nrg_bal_c, nrg_bal=INTAVI, siec=O4661XR5230B (kerosene-type jet fuel, excl. biofuel), unit=KTOE"
DK,2014,897.678,"Eurostat nrg_bal_c, nrg_bal=INTAVI, siec=O4661XR5230B (kerosene-type jet fuel, excl. biofuel), unit=KTOE"
DK,2015,879.537,"Eurostat nrg_bal_c, nrg_bal=INTAVI, siec=O4661XR5230B (kerosene-type jet fuel, excl. biofuel), unit=KTOE"
DK,2016,945.752,"Eurostat nrg_bal_c, nrg_bal=INTAVI, siec=O4661XR5230B (kerosene-type jet fuel, excl. biofuel), unit=KTOE"
DK,2017,975.951,"Eurostat nrg_bal_c, nrg_bal=INTAVI, siec=O4661XR5230B (kerosene-type jet fuel, excl. biofuel), unit=KTOE"
DK,2018,1022.724,"Eurostat nrg_bal_c, nrg_bal=INTAVI, siec=O4661XR5230B (kerosene-type jet fuel, excl. biofuel), unit=KTOE"
DK,2019,1045.505,"Eurostat nrg_bal_c, nrg_bal=INTAVI, siec=O4661XR5230B (kerosene-type jet fuel, excl. biofuel), unit=KTOE"
DK,2020,332.731,"Eurostat nrg_bal_c, nrg_bal=INTAVI, siec=O4661XR5230B (kerosene-type jet fuel, excl. biofuel), unit=KTOE"
DK,2021,427.365,"Eurostat nrg_bal_c, nrg_bal=INTAVI, siec=O4661XR5230B (kerosene-type jet fuel, excl. biofuel), unit=KTOE"
DK,2022,733.953,"Eurostat nrg_bal_c, nrg_bal=INTAVI, siec=O4661XR5230B (kerosene-type jet fuel, excl. biofuel), unit=KTOE"
DK,2023,840.899,"Eurostat nrg_bal_c, nrg_bal=INTAVI, siec=O4661XR5230B (kerosene-type jet fuel, excl. biofuel), unit=KTOE"
DK,2024,972.028,"Eurostat nrg_bal_c, nrg_bal=INTAVI, siec=O4661XR5230B (kerosene-type jet fuel, excl. biofuel), unit=KTOE"
EE,2010,33.642,"Eurostat nrg_bal_c, nrg_bal=INTAVI, siec=O4661XR5230B (kerosene-type jet fuel, excl. biofuel), unit=KTOE"
EE,2011,45.384,"Eurostat nrg_bal_c, nrg_bal=INTAVI, siec=O4661XR5230B (kerosene-type jet fuel, excl. biofuel), unit=KTOE"
EE,2012,59.721,"Eurostat nrg_bal_c, nrg_bal=INTAVI, siec=O4661XR5230B (kerosene-type jet fuel, excl. biofuel), unit=KTOE"
EE,2013,47.646,"Eurostat nrg_bal_c, nrg_bal=INTAVI, siec=O4661XR5230B (kerosene-type jet fuel, excl. biofuel), unit=KTOE"
EE,2014,47.67,"Eurostat nrg_bal_c, nrg_bal=INTAVI, siec=O4661XR5230B (kerosene-type jet fuel, excl. biofuel), unit=KTOE"
EE,2015,49.983,"Eurostat nrg_bal_c, nrg_bal=INTAVI, siec=O4661XR5230B (kerosene-type jet fuel, excl. biofuel), unit=KTOE"
EE,2016,45.835,"Eurostat nrg_bal_c, nrg_bal=INTAVI, siec=O4661XR5230B (kerosene-type jet fuel, excl. biofuel), unit=KTOE"
EE,2017,59.653,"Eurostat nrg_bal_c, nrg_bal=INTAVI, siec=O4661XR5230B (kerosene-type jet fuel, excl. biofuel), unit=KTOE"
EE,2018,69.406,"Eurostat nrg_bal_c, nrg_bal=INTAVI, siec=O4661XR5230B (kerosene-type jet fuel, excl. biofuel), unit=KTOE"
EE,2019,68.48,"Eurostat nrg_bal_c, nrg_bal=INTAVI, siec=O4661XR5230B (kerosene-type jet fuel, excl. biofuel), unit=KTOE"
EE,2020,24.002,"Eurostat nrg_bal_c, nrg_bal=INTAVI, siec=O4661XR5230B (kerosene-type jet fuel, excl. biofuel), unit=KTOE"
EE,2021,43.039,"Eurostat nrg_bal_c, nrg_bal=INTAVI, siec=O4661XR5230B (kerosene-type jet fuel, excl. biofuel), unit=KTOE"
EE,2022,57.342,"Eurostat nrg_bal_c, nrg_bal=INTAVI, siec=O4661XR5230B (kerosene-type jet fuel, excl. biofuel), unit=KTOE"
EE,2023,48.236,"Eurostat nrg_bal_c, nrg_bal=INTAVI, siec=O4661XR5230B (kerosene-type jet fuel, excl. biofuel), unit=KTOE"
EE,2024,56.13,"Eurostat nrg_bal_c, nrg_bal=INTAVI, siec=O4661XR5230B (kerosene-type jet fuel, excl. biofuel), unit=KTOE"
EL,2010,681.953,"Eurostat nrg_bal_c, nrg_bal=INTAVI, siec=O4661XR5230B (kerosene-type jet fuel, excl. biofuel), unit=KTOE"
EL,2011,739.467,"Eurostat nrg_bal_c, nrg_bal=INTAVI, siec=O4661XR5230B (kerosene-type jet fuel, excl. biofuel), unit=KTOE"
EL,2012,658.331,"Eurostat nrg_bal_c, nrg_bal=INTAVI, siec=O4661XR5230B (kerosene-type jet fuel, excl. biofuel), unit=KTOE"
EL,2013,673.737,"Eurostat nrg_bal_c, nrg_bal=INTAVI, siec=O4661XR5230B (kerosene-type jet fuel, excl. biofuel), unit=KTOE"
EL,2014,777.467,"Eurostat nrg_bal_c, nrg_bal=INTAVI, siec=O4661XR5230B (kerosene-type jet fuel, excl. biofuel), unit=KTOE"
EL,2015,823.684,"Eurostat nrg_bal_c, nrg_bal=INTAVI, siec=O4661XR5230B (kerosene-type jet fuel, excl. biofuel), unit=KTOE"
EL,2016,879.144,"Eurostat nrg_bal_c, nrg_bal=INTAVI, siec=O4661XR5230B (kerosene-type jet fuel, excl. biofuel), unit=KTOE"
EL,2017,986.407,"Eurostat nrg_bal_c, nrg_bal=INTAVI, siec=O4661XR5230B (kerosene-type jet fuel, excl. biofuel), unit=KTOE"
EL,2018,1089.116,"Eurostat nrg_bal_c, nrg_bal=INTAVI, siec=O4661XR5230B (kerosene-type jet fuel, excl. biofuel), unit=KTOE"
EL,2019,1130.512,"Eurostat nrg_bal_c, nrg_bal=INTAVI, siec=O4661XR5230B (kerosene-type jet fuel, excl. biofuel), unit=KTOE"
EL,2020,355.102,"Eurostat nrg_bal_c, nrg_bal=INTAVI, siec=O4661XR5230B (kerosene-type jet fuel, excl. biofuel), unit=KTOE"
EL,2021,696.097,"Eurostat nrg_bal_c, nrg_bal=INTAVI, siec=O4661XR5230B (kerosene-type jet fuel, excl. biofuel), unit=KTOE"
EL,2022,1156.133,"Eurostat nrg_bal_c, nrg_bal=INTAVI, siec=O4661XR5230B (kerosene-type jet fuel, excl. biofuel), unit=KTOE"
EL,2023,1203.348,"Eurostat nrg_bal_c, nrg_bal=INTAVI, siec=O4661XR5230B (kerosene-type jet fuel, excl. biofuel), unit=KTOE"
EL,2024,1363.491,"Eurostat nrg_bal_c, nrg_bal=INTAVI, siec=O4661XR5230B (kerosene-type jet fuel, excl. biofuel), unit=KTOE"
ES,2010,3122.012,"Eurostat nrg_bal_c, nrg_bal=INTAVI, siec=O4661XR5230B (kerosene-type jet fuel, excl. biofuel), unit=KTOE"
ES,2011,3737.145,"Eurostat nrg_bal_c, nrg_bal=INTAVI, siec=O4661XR5230B (kerosene-type jet fuel, excl. biofuel), unit=KTOE"
ES,2012,3691.853,"Eurostat nrg_bal_c, nrg_bal=INTAVI, siec=O4661XR5230B (kerosene-type jet fuel, excl. biofuel), unit=KTOE"
ES,2013,3680.267,"Eurostat nrg_bal_c, nrg_bal=INTAVI, siec=O4661XR5230B (kerosene-type jet fuel, excl. biofuel), unit=KTOE"
ES,2014,3745.572,"Eurostat nrg_bal_c, nrg_bal=INTAVI, siec=O4661XR5230B (kerosene-type jet fuel, excl. biofuel), unit=KTOE"
ES,2015,3958.34,"Eurostat nrg_bal_c, nrg_bal=INTAVI, siec=O4661XR5230B (kerosene-type jet fuel, excl. biofuel), unit=KTOE"
ES,2016,4196.389,"Eurostat nrg_bal_c, nrg_bal=INTAVI, siec=O4661XR5230B (kerosene-type jet fuel, excl. biofuel), unit=KTOE"
ES,2017,4580.847,"Eurostat nrg_bal_c, nrg_bal=INTAVI, siec=O4661XR5230B (kerosene-type jet fuel, excl. biofuel), unit=KTOE"
ES,2018,4772.549,"Eurostat nrg_bal_c, nrg_bal=INTAVI, siec=O4661XR5230B (kerosene-type jet fuel, excl. biofuel), unit=KTOE"
ES,2019,4890.52,"Eurostat nrg_bal_c, nrg_bal=INTAVI, siec=O4661XR5230B (kerosene-type jet fuel, excl. biofuel), unit=KTOE"
ES,2020,1575.752,"Eurostat nrg_bal_c, nrg_bal=INTAVI, siec=O4661XR5230B (kerosene-type jet fuel, excl. biofuel), unit=KTOE"
ES,2021,1847.259,"Eurostat nrg_bal_c, nrg_bal=INTAVI, siec=O4661XR5230B (kerosene-type jet fuel, excl. biofuel), unit=KTOE"
ES,2022,3665.759,"Eurostat nrg_bal_c, nrg_bal=INTAVI, siec=O4661XR5230B (kerosene-type jet fuel, excl. biofuel), unit=KTOE"
ES,2023,4277.6,"Eurostat nrg_bal_c, nrg_bal=INTAVI, siec=O4661XR5230B (kerosene-type jet fuel, excl. biofuel), unit=KTOE"
ES,2024,5210.817,"Eurostat nrg_bal_c, nrg_bal=INTAVI, siec=O4661XR5230B (kerosene-type jet fuel, excl. biofuel), unit=KTOE"
EU27_2020,2010,32120.035,"Eurostat nrg_bal_c, nrg_bal=INTAVI, siec=O4661XR5230B (kerosene-type jet fuel, excl. biofuel), unit=KTOE"
EU27_2020,2011,33002.997,"Eurostat nrg_bal_c, nrg_bal=INTAVI, siec=O4661XR5230B (kerosene-type jet fuel, excl. biofuel), unit=KTOE"
EU27_2020,2012,32587.837,"Eurostat nrg_bal_c, nrg_bal=INTAVI, siec=O4661XR5230B (kerosene-type jet fuel, excl. biofuel), unit=KTOE"
EU27_2020,2013,32746.249,"Eurostat nrg_bal_c, nrg_bal=INTAVI, siec=O4661XR5230B (kerosene-type jet fuel, excl. biofuel), unit=KTOE"
EU27_2020,2014,33169.507,"Eurostat nrg_bal_c, nrg_bal=INTAVI, siec=O4661XR5230B (kerosene-type jet fuel, excl. biofuel), unit=KTOE"
EU27_2020,2015,34562.903,"Eurostat nrg_bal_c, nrg_bal=INTAVI, siec=O4661XR5230B (kerosene-type jet fuel, excl. biofuel), unit=KTOE"
EU27_2020,2016,36223.123,"Eurostat nrg_bal_c, nrg_bal=INTAVI, siec=O4661XR5230B (kerosene-type jet fuel, excl. biofuel), unit=KTOE"
EU27_2020,2017,38954.059,"Eurostat nrg_bal_c, nrg_bal=INTAVI, siec=O4661XR5230B (kerosene-type jet fuel, excl. biofuel), unit=KTOE"
EU27_2020,2018,41012.669,"Eurostat nrg_bal_c, nrg_bal=INTAVI, siec=O4661XR5230B (kerosene-type jet fuel, excl. biofuel), unit=KTOE"
EU27_2020,2019,41789.168,"Eurostat nrg_bal_c, nrg_bal=INTAVI, siec=O4661XR5230B (kerosene-type jet fuel, excl. biofuel), unit=KTOE"
EU27_2020,2020,18010.72,"Eurostat nrg_bal_c, nrg_bal=INTAVI, siec=O4661XR5230B (kerosene-type jet fuel, excl. biofuel), unit=KTOE"
EU27_2020,2021,21840.059,"Eurostat nrg_bal_c, nrg_bal=INTAVI, siec=O4661XR5230B (kerosene-type jet fuel, excl. biofuel), unit=KTOE"
EU27_2020,2022,34688.111,"Eurostat nrg_bal_c, nrg_bal=INTAVI, siec=O4661XR5230B (kerosene-type jet fuel, excl. biofuel), unit=KTOE"
EU27_2020,2023,38283.774,"Eurostat nrg_bal_c, nrg_bal=INTAVI, siec=O4661XR5230B (kerosene-type jet fuel, excl. biofuel), unit=KTOE"
EU27_2020,2024,40962.552,"Eurostat nrg_bal_c, nrg_bal=INTAVI, siec=O4661XR5230B (kerosene-type jet fuel, excl. biofuel), unit=KTOE"
FI,2010,539.854,"Eurostat nrg_bal_c, nrg_bal=INTAVI, siec=O4661XR5230B (kerosene-type jet fuel, excl. biofuel), unit=KTOE"
FI,2011,638.103,"Eurostat nrg_bal_c, nrg_bal=INTAVI, siec=O4661XR5230B (kerosene-type jet fuel, excl. biofuel), unit=KTOE"
FI,2012,616.385,"Eurostat nrg_bal_c, nrg_bal=INTAVI, siec=O4661XR5230B (kerosene-type jet fuel, excl. biofuel), unit=KTOE"
FI,2013,636.035,"Eurostat nrg_bal_c, nrg_bal=INTAVI, siec=O4661XR5230B (kerosene-type jet fuel, excl. biofuel), unit=KTOE"
FI,2014,626.727,"Eurostat nrg_bal_c, nrg_bal=INTAVI, siec=O4661XR5230B (kerosene-type jet fuel, excl. biofuel), unit=KTOE"
FI,2015,640.171,"Eurostat nrg_bal_c, nrg_bal=INTAVI, siec=O4661XR5230B (kerosene-type jet fuel, excl. biofuel), unit=KTOE"
FI,2016,642.24,"Eurostat nrg_bal_c, nrg_bal=INTAVI, siec=O4661XR5230B (kerosene-type jet fuel, excl. biofuel), unit=KTOE"
FI,2017,680.505,"Eurostat nrg_bal_c, nrg_bal=INTAVI, siec=O4661XR5230B (kerosene-type jet fuel, excl. biofuel), unit=KTOE"
FI,2018,778.755,"Eurostat nrg_bal_c, nrg_bal=INTAVI, siec=O4661XR5230B (kerosene-type jet fuel, excl. biofuel), unit=KTOE"
FI,2019,839.773,"Eurostat nrg_bal_c, nrg_bal=INTAVI, siec=O4661XR5230B (kerosene-type jet fuel, excl. biofuel), unit=KTOE"
FI,2020,283.372,"Eurostat nrg_bal_c, nrg_bal=INTAVI, siec=O4661XR5230B (kerosene-type jet fuel, excl. biofuel), unit=KTOE"
FI,2021,277.166,"Eurostat nrg_bal_c, nrg_bal=INTAVI, siec=O4661XR5230B (kerosene-type jet fuel, excl. biofuel), unit=KTOE"
FI,2022,531.58,"Eurostat nrg_bal_c, nrg_bal=INTAVI, siec=O4661XR5230B (kerosene-type jet fuel, excl. biofuel), unit=KTOE"
FI,2023,627.761,"Eurostat nrg_bal_c, nrg_bal=INTAVI, siec=O4661XR5230B (kerosene-type jet fuel, excl. biofuel), unit=KTOE"
FI,2024,663.958,"Eurostat nrg_bal_c, nrg_bal=INTAVI, siec=O4661XR5230B (kerosene-type jet fuel, excl. biofuel), unit=KTOE"
FR,2010,5507.745,"Eurostat nrg_bal_c, nrg_bal=INTAVI, siec=O4661XR5230B (kerosene-type jet fuel, excl. biofuel), unit=KTOE"
FR,2011,5513.807,"Eurostat nrg_bal_c, nrg_bal=INTAVI, siec=O4661XR5230B (kerosene-type jet fuel, excl. biofuel), unit=KTOE"
FR,2012,5395.325,"Eurostat nrg_bal_c, nrg_bal=INTAVI, siec=O4661XR5230B (kerosene-type jet fuel, excl. biofuel), unit=KTOE"
FR,2013,5347.272,"Eurostat nrg_bal_c, nrg_bal=INTAVI, siec=O4661XR5230B (kerosene-type jet fuel, excl. biofuel), unit=KTOE"
FR,2014,5399.723,"Eurostat nrg_bal_c, nrg_bal=INTAVI, siec=O4661XR5230B (kerosene-type jet fuel, excl. biofuel), unit=KTOE"
FR,2015,5716.978,"Eurostat nrg_bal_c, nrg_bal=INTAVI, siec=O4661XR5230B (kerosene-type jet fuel, excl. biofuel), unit=KTOE"
FR,2016,5622.96,"Eurostat nrg_bal_c, nrg_bal=INTAVI, siec=O4661XR5230B (kerosene-type jet fuel, excl. biofuel), unit=KTOE"
FR,2017,5711.493,"Eurostat nrg_bal_c, nrg_bal=INTAVI, siec=O4661XR5230B (kerosene-type jet fuel, excl. biofuel), unit=KTOE"
FR,2018,5910.943,"Eurostat nrg_bal_c, nrg_bal=INTAVI, siec=O4661XR5230B (kerosene-type jet fuel, excl. biofuel), unit=KTOE"
FR,2019,6208.299,"Eurostat nrg_bal_c, nrg_bal=INTAVI, siec=O4661XR5230B (kerosene-type jet fuel, excl. biofuel), unit=KTOE"
FR,2020,2634.839,"Eurostat nrg_bal_c, nrg_bal=INTAVI, siec=O4661XR5230B (kerosene-type jet fuel, excl. biofuel), unit=KTOE"
FR,2021,2865.627,"Eurostat nrg_bal_c, nrg_bal=INTAVI, siec=O4661XR5230B (kerosene-type jet fuel, excl. biofuel), unit=KTOE"
FR,2022,4893.576,"Eurostat nrg_bal_c, nrg_bal=INTAVI, siec=O4661XR5230B (kerosene-type jet fuel, excl. biofuel), unit=KTOE"
FR,2023,5387.292,"Eurostat nrg_bal_c, nrg_bal=INTAVI, siec=O4661XR5230B (kerosene-type jet fuel, excl. biofuel), unit=KTOE"
FR,2024,5800.042,"Eurostat nrg_bal_c, nrg_bal=INTAVI, siec=O4661XR5230B (kerosene-type jet fuel, excl. biofuel), unit=KTOE"
GE,2013,88.478,"Eurostat nrg_bal_c, nrg_bal=INTAVI, siec=O4661XR5230B (kerosene-type jet fuel, excl. biofuel), unit=KTOE"
GE,2014,82.564,"Eurostat nrg_bal_c, nrg_bal=INTAVI, siec=O4661XR5230B (kerosene-type jet fuel, excl. biofuel), unit=KTOE"
GE,2015,70.866,"Eurostat nrg_bal_c, nrg_bal=INTAVI, siec=O4661XR5230B (kerosene-type jet fuel, excl. biofuel), unit=KTOE"
GE,2016,72.92,"Eurostat nrg_bal_c, nrg_bal=INTAVI, siec=O4661XR5230B (kerosene-type jet fuel, excl. biofuel), unit=KTOE"
GE,2017,97.569,"Eurostat nrg_bal_c, nrg_bal=INTAVI, siec=O4661XR5230B (kerosene-type jet fuel, excl. biofuel), unit=KTOE"
GE,2018,105.271,"Eurostat nrg_bal_c, nrg_bal=INTAVI, siec=O4661XR5230B (kerosene-type jet fuel, excl. biofuel), unit=KTOE"
GE,2019,103.805,"Eurostat nrg_bal_c, nrg_bal=INTAVI, siec=O4661XR5230B (kerosene-type jet fuel, excl. biofuel), unit=KTOE"
GE,2020,56.767,"Eurostat nrg_bal_c, nrg_bal=INTAVI, siec=O4661XR5230B (kerosene-type jet fuel, excl. biofuel), unit=KTOE"
GE,2021,96.969,"Eurostat nrg_bal_c, nrg_bal=INTAVI, siec=O4661XR5230B (kerosene-type jet fuel, excl. biofuel), unit=KTOE"
GE,2022,136.027,"Eurostat nrg_bal_c, nrg_bal=INTAVI, siec=O4661XR5230B (kerosene-type jet fuel, excl. biofuel), unit=KTOE"
GE,2023,136.219,"Eurostat nrg_bal_c, nrg_bal=INTAVI, siec=O4661XR5230B (kerosene-type jet fuel, excl. biofuel), unit=KTOE"
GE,2024,187.563,"Eurostat nrg_bal_c, nrg_bal=INTAVI, siec=O4661XR5230B (kerosene-type jet fuel, excl. biofuel), unit=KTOE"
HR,2010,98.697,"Eurostat nrg_bal_c, nrg_bal=INTAVI, siec=O4661XR5230B (kerosene-type jet fuel, excl. biofuel), unit=KTOE"
HR,2011,103.947,"Eurostat nrg_bal_c, nrg_bal=INTAVI, siec=O4661XR5230B (kerosene-type jet fuel, excl. biofuel), unit=KTOE"
HR,2012,110.246,"Eurostat nrg_bal_c, nrg_bal=INTAVI, siec=O4661XR5230B (kerosene-type jet fuel, excl. biofuel), unit=KTOE"
HR,2013,120.746,"Eurostat nrg_bal_c, nrg_bal=INTAVI, siec=O4661XR5230B (kerosene-type jet fuel, excl. biofuel), unit=KTOE"
HR,2014,120.746,"Eurostat nrg_bal_c, nrg_bal=INTAVI, siec=O4661XR5230B (kerosene-type jet fuel, excl. biofuel), unit=KTOE"
HR,2015,116.546,"Eurostat nrg_bal_c, nrg_bal=INTAVI, siec=O4661XR5230B (kerosene-type jet fuel, excl. biofuel), unit=KTOE"
HR,2016,123.896,"Eurostat nrg_bal_c, nrg_bal=INTAVI, siec=O4661XR5230B (kerosene-type jet fuel, excl. biofuel), unit=KTOE"
HR,2017,147.835,"Eurostat nrg_bal_c, nrg_bal=INTAVI, siec=O4661XR5230B (kerosene-type jet fuel, excl. biofuel), unit=KTOE"
HR,2018,184.269,"Eurostat nrg_bal_c, nrg_bal=INTAVI, siec=O4661XR5230B (kerosene-type jet fuel, excl. biofuel), unit=KTOE"
HR,2019,199.494,"Eurostat nrg_bal_c, nrg_bal=INTAVI, siec=O4661XR5230B (kerosene-type jet fuel, excl. biofuel), unit=KTOE"
HR,2020,53.968,"Eurostat nrg_bal_c, nrg_bal=INTAVI, siec=O4661XR5230B (kerosene-type jet fuel, excl. biofuel), unit=KTOE"
HR,2021,98.277,"Eurostat nrg_bal_c, nrg_bal=INTAVI, siec=O4661XR5230B (kerosene-type jet fuel, excl. biofuel), unit=KTOE"
HR,2022,185.949,"Eurostat nrg_bal_c, nrg_bal=INTAVI, siec=O4661XR5230B (kerosene-type jet fuel, excl. biofuel), unit=KTOE"
HR,2023,199.179,"Eurostat nrg_bal_c, nrg_bal=INTAVI, siec=O4661XR5230B (kerosene-type jet fuel, excl. biofuel), unit=KTOE"
HR,2024,245.377,"Eurostat nrg_bal_c, nrg_bal=INTAVI, siec=O4661XR5230B (kerosene-type jet fuel, excl. biofuel), unit=KTOE"
HU,2010,229.722,"Eurostat nrg_bal_c, nrg_bal=INTAVI, siec=O4661XR5230B (kerosene-type jet fuel, excl. biofuel), unit=KTOE"
HU,2011,230.725,"Eurostat nrg_bal_c, nrg_bal=INTAVI, siec=O4661XR5230B (kerosene-type jet fuel, excl. biofuel), unit=KTOE"
HU,2012,166.523,"Eurostat nrg_bal_c, nrg_bal=INTAVI, siec=O4661XR5230B (kerosene-type jet fuel, excl. biofuel), unit=KTOE"
HU,2013,162.511,"Eurostat nrg_bal_c, nrg_bal=INTAVI, siec=O4661XR5230B (kerosene-type jet fuel, excl. biofuel), unit=KTOE"
HU,2014,170.722,"Eurostat nrg_bal_c, nrg_bal=INTAVI, siec=O4661XR5230B (kerosene-type jet fuel, excl. biofuel), unit=KTOE"
HU,2015,174.716,"Eurostat nrg_bal_c, nrg_bal=INTAVI, siec=O4661XR5230B (kerosene-type jet fuel, excl. biofuel), unit=KTOE"
HU,2016,192.273,"Eurostat nrg_bal_c, nrg_bal=INTAVI, siec=O4661XR5230B (kerosene-type jet fuel, excl. biofuel), unit=KTOE"
HU,2017,223.501,"Eurostat nrg_bal_c, nrg_bal=INTAVI, siec=O4661XR5230B (kerosene-type jet fuel, excl. biofuel), unit=KTOE"
HU,2018,276.272,"Eurostat nrg_bal_c, nrg_bal=INTAVI, siec=O4661XR5230B (kerosene-type jet fuel, excl. biofuel), unit=KTOE"
HU,2019,279.377,"Eurostat nrg_bal_c, nrg_bal=INTAVI, siec=O4661XR5230B (kerosene-type jet fuel, excl. biofuel), unit=KTOE"
HU,2020,101.403,"Eurostat nrg_bal_c, nrg_bal=INTAVI, siec=O4661XR5230B (kerosene-type jet fuel, excl. biofuel), unit=KTOE"
HU,2021,123.133,"Eurostat nrg_bal_c, nrg_bal=INTAVI, siec=O4661XR5230B (kerosene-type jet fuel, excl. biofuel), unit=KTOE"
HU,2022,258.682,"Eurostat nrg_bal_c, nrg_bal=INTAVI, siec=O4661XR5230B (kerosene-type jet fuel, excl. biofuel), unit=KTOE"
HU,2023,298.864,"Eurostat nrg_bal_c, nrg_bal=INTAVI, siec=O4661XR5230B (kerosene-type jet fuel, excl. biofuel), unit=KTOE"
HU,2024,378.711,"Eurostat nrg_bal_c, nrg_bal=INTAVI, siec=O4661XR5230B (kerosene-type jet fuel, excl. biofuel), unit=KTOE"
IE,2010,740.477,"Eurostat nrg_bal_c, nrg_bal=INTAVI, siec=O4661XR5230B (kerosene-type jet fuel, excl. biofuel), unit=KTOE"
IE,2011,693.078,"Eurostat nrg_bal_c, nrg_bal=INTAVI, siec=O4661XR5230B (kerosene-type jet fuel, excl. biofuel), unit=KTOE"
IE,2012,580.374,"Eurostat nrg_bal_c, nrg_bal=INTAVI, siec=O4661XR5230B (kerosene-type jet fuel, excl. biofuel), unit=KTOE"
IE,2013,641.466,"Eurostat nrg_bal_c, nrg_bal=INTAVI, siec=O4661XR5230B (kerosene-type jet fuel, excl. biofuel), unit=KTOE"
IE,2014,741.531,"Eurostat nrg_bal_c, nrg_bal=INTAVI, siec=O4661XR5230B (kerosene-type jet fuel, excl. biofuel), unit=KTOE"
IE,2015,838.435,"Eurostat nrg_bal_c, nrg_bal=INTAVI, siec=O4661XR5230B (kerosene-type jet fuel, excl. biofuel), unit=KTOE"
IE,2016,865.821,"Eurostat nrg_bal_c, nrg_bal=INTAVI, siec=O4661XR5230B (kerosene-type jet fuel, excl. biofuel), unit=KTOE"
IE,2017,1016.083,"Eurostat nrg_bal_c, nrg_bal=INTAVI, siec=O4661XR5230B (kerosene-type jet fuel, excl. biofuel), unit=KTOE"
IE,2018,1097.963,"Eurostat nrg_bal_c, nrg_bal=INTAVI, siec=O4661XR5230B (kerosene-type jet fuel, excl. biofuel), unit=KTOE"
IE,2019,1110.445,"Eurostat nrg_bal_c, nrg_bal=INTAVI, siec=O4661XR5230B (kerosene-type jet fuel, excl. biofuel), unit=KTOE"
IE,2020,394.12,"Eurostat nrg_bal_c, nrg_bal=INTAVI, siec=O4661XR5230B (kerosene-type jet fuel, excl. biofuel), unit=KTOE"
IE,2021,439.99,"Eurostat nrg_bal_c, nrg_bal=INTAVI, siec=O4661XR5230B (kerosene-type jet fuel, excl. biofuel), unit=KTOE"
IE,2022,1011.174,"Eurostat nrg_bal_c, nrg_bal=INTAVI, siec=O4661XR5230B (kerosene-type jet fuel, excl. biofuel), unit=KTOE"
IE,2023,1133.494,"Eurostat nrg_bal_c, nrg_bal=INTAVI, siec=O4661XR5230B (kerosene-type jet fuel, excl. biofuel), unit=KTOE"
IE,2024,1113.604,"Eurostat nrg_bal_c, nrg_bal=INTAVI, siec=O4661XR5230B (kerosene-type jet fuel, excl. biofuel), unit=KTOE"
IS,2010,126.111,"Eurostat nrg_bal_c, nrg_bal=INTAVI, siec=O4661XR5230B (kerosene-type jet fuel, excl. biofuel), unit=KTOE"
IS,2011,140.824,"Eurostat nrg_bal_c, nrg_bal=INTAVI, siec=O4661XR5230B (kerosene-type jet fuel, excl. biofuel), unit=KTOE"
IS,2012,147.129,"Eurostat nrg_bal_c, nrg_bal=INTAVI, siec=O4661XR5230B (kerosene-type jet fuel, excl. biofuel), unit=KTOE"
IS,2013,166.046,"Eurostat nrg_bal_c, nrg_bal=INTAVI, siec=O4661XR5230B (kerosene-type jet fuel, excl. biofuel), unit=KTOE"
IS,2014,186.013,"Eurostat nrg_bal_c, nrg_bal=INTAVI, siec=O4661XR5230B (kerosene-type jet fuel, excl. biofuel), unit=KTOE"
IS,2015,224.897,"Eurostat nrg_bal_c, nrg_bal=INTAVI, siec=O4661XR5230B (kerosene-type jet fuel, excl. biofuel), unit=KTOE"
IS,2016,309.687,"Eurostat nrg_bal_c, nrg_bal=INTAVI, siec=O4661XR5230B (kerosene-type jet fuel, excl. biofuel), unit=KTOE"
IS,2017,382.191,"Eurostat nrg_bal_c, nrg_bal=INTAVI, siec=O4661XR5230B (kerosene-type jet fuel, excl. biofuel), unit=KTOE"
IS,2018,428.295,"Eurostat nrg_bal_c, nrg_bal=INTAVI, siec=O4661XR5230B (kerosene-type jet fuel, excl. biofuel), unit=KTOE"
IS,2019,318.753,"Eurostat nrg_bal_c, nrg_bal=INTAVI, siec=O4661XR5230B (kerosene-type jet fuel, excl. biofuel), unit=KTOE"
IS,2020,87.11,"Eurostat nrg_bal_c, nrg_bal=INTAVI, siec=O4661XR5230B (kerosene-type jet fuel, excl. biofuel), unit=KTOE"
IS,2021,160.804,"Eurostat nrg_bal_c, nrg_bal=INTAVI, siec=O4661XR5230B (kerosene-type jet fuel, excl. biofuel), unit=KTOE"
IS,2022,282.73,"Eurostat nrg_bal_c, nrg_bal=INTAVI, siec=O4661XR5230B (kerosene-type jet fuel, excl. biofuel), unit=KTOE"
IS,2023,320.076,"Eurostat nrg_bal_c, nrg_bal=INTAVI, siec=O4661XR5230B (kerosene-type jet fuel, excl. biofuel), unit=KTOE"
IS,2024,328.462,"Eurostat nrg_bal_c, nrg_bal=INTAVI, siec=O4661XR5230B (kerosene-type jet fuel, excl. biofuel), unit=KTOE"
IT,2010,3167.383,"Eurostat nrg_bal_c, nrg_bal=INTAVI, siec=O4661XR5230B (kerosene-type jet fuel, excl. biofuel), unit=KTOE"
IT,2011,3249.546,"Eurostat nrg_bal_c, nrg_bal=INTAVI, siec=O4661XR5230B (kerosene-type jet fuel, excl. biofuel), unit=KTOE"
IT,2012,3100.626,"Eurostat nrg_bal_c, nrg_bal=INTAVI, siec=O4661XR5230B (kerosene-type jet fuel, excl. biofuel), unit=KTOE"
IT,2013,3001.003,"Eurostat nrg_bal_c, nrg_bal=INTAVI, siec=O4661XR5230B (kerosene-type jet fuel, excl. biofuel), unit=KTOE"
IT,2014,3075.977,"Eurostat nrg_bal_c, nrg_bal=INTAVI, siec=O4661XR5230B (kerosene-type jet fuel, excl. biofuel), unit=KTOE"
IT,2015,3166.356,"Eurostat nrg_bal_c, nrg_bal=INTAVI, siec=O4661XR5230B (kerosene-type jet fuel, excl. biofuel), unit=KTOE"
IT,2016,3295.763,"Eurostat nrg_bal_c, nrg_bal=INTAVI, siec=O4661XR5230B (kerosene-type jet fuel, excl. biofuel), unit=KTOE"
IT,2017,3419.171,"Eurostat nrg_bal_c, nrg_bal=INTAVI, siec=O4661XR5230B (kerosene-type jet fuel, excl. biofuel), unit=KTOE"
IT,2018,3834.858,"Eurostat nrg_bal_c, nrg_bal=INTAVI, siec=O4661XR5230B (kerosene-type jet fuel, excl. biofuel), unit=KTOE"
IT,2019,3968.513,"Eurostat nrg_bal_c, nrg_bal=INTAVI, siec=O4661XR5230B (kerosene-type jet fuel, excl. biofuel), unit=KTOE"
IT,2020,1494.932,"Eurostat nrg_bal_c, nrg_bal=INTAVI, siec=O4661XR5230B (kerosene-type jet fuel, excl. biofuel), unit=KTOE"
IT,2021,1632.208,"Eurostat nrg_bal_c, nrg_bal=INTAVI, siec=O4661XR5230B (kerosene-type jet fuel, excl. biofuel), unit=KTOE"
IT,2022,2844.286,"Eurostat nrg_bal_c, nrg_bal=INTAVI, siec=O4661XR5230B (kerosene-type jet fuel, excl. biofuel), unit=KTOE"
IT,2023,3599.917,"Eurostat nrg_bal_c, nrg_bal=INTAVI, siec=O4661XR5230B (kerosene-type jet fuel, excl. biofuel), unit=KTOE"
IT,2024,4164.189,"Eurostat nrg_bal_c, nrg_bal=INTAVI, siec=O4661XR5230B (kerosene-type jet fuel, excl. biofuel), unit=KTOE"
LT,2010,48.45,"Eurostat nrg_bal_c, nrg_bal=INTAVI, siec=O4661XR5230B (kerosene-type jet fuel, excl. biofuel), unit=KTOE"
LT,2011,55.666,"Eurostat nrg_bal_c, nrg_bal=INTAVI, siec=O4661XR5230B (kerosene-type jet fuel, excl. biofuel), unit=KTOE"
LT,2012,62.882,"Eurostat nrg_bal_c, nrg_bal=INTAVI, siec=O4661XR5230B (kerosene-type jet fuel, excl. biofuel), unit=KTOE"
LT,2013,70.098,"Eurostat nrg_bal_c, nrg_bal=INTAVI, siec=O4661XR5230B (kerosene-type jet fuel, excl. biofuel), unit=KTOE"
LT,2014,77.314,"Eurostat nrg_bal_c, nrg_bal=INTAVI, siec=O4661XR5230B (kerosene-type jet fuel, excl. biofuel), unit=KTOE"
LT,2015,81.589,"Eurostat nrg_bal_c, nrg_bal=INTAVI, siec=O4661XR5230B (kerosene-type jet fuel, excl. biofuel), unit=KTOE"
LT,2016,95.959,"Eurostat nrg_bal_c, nrg_bal=INTAVI, siec=O4661XR5230B (kerosene-type jet fuel, excl. biofuel), unit=KTOE"
LT,2017,105.859,"Eurostat nrg_bal_c, nrg_bal=INTAVI, siec=O4661XR5230B (kerosene-type jet fuel, excl. biofuel), unit=KTOE"
LT,2018,126.011,"Eurostat nrg_bal_c, nrg_bal=INTAVI, siec=O4661XR5230B (kerosene-type jet fuel, excl. biofuel), unit=KTOE"
LT,2019,123.323,"Eurostat nrg_bal_c, nrg_bal=INTAVI, siec=O4661XR5230B (kerosene-type jet fuel, excl. biofuel), unit=KTOE"
LT,2020,54.167,"Eurostat nrg_bal_c, nrg_bal=INTAVI, siec=O4661XR5230B (kerosene-type jet fuel, excl. biofuel), unit=KTOE"
LT,2021,61.817,"Eurostat nrg_bal_c, nrg_bal=INTAVI, siec=O4661XR5230B (kerosene-type jet fuel, excl. biofuel), unit=KTOE"
LT,2022,101.521,"Eurostat nrg_bal_c, nrg_bal=INTAVI, siec=O4661XR5230B (kerosene-type jet fuel, excl. biofuel), unit=KTOE"
LT,2023,104.929,"Eurostat nrg_bal_c, nrg_bal=INTAVI, siec=O4661XR5230B (kerosene-type jet fuel, excl. biofuel), unit=KTOE"
LT,2024,109.063,"Eurostat nrg_bal_c, nrg_bal=INTAVI, siec=O4661XR5230B (kerosene-type jet fuel, excl. biofuel), unit=KTOE"
LU,2010,431.12,"Eurostat nrg_bal_c, nrg_bal=INTAVI, siec=O4661XR5230B (kerosene-type jet fuel, excl. biofuel), unit=KTOE"
LU,2011,403.339,"Eurostat nrg_bal_c, nrg_bal=INTAVI, siec=O4661XR5230B (kerosene-type jet fuel, excl. biofuel), unit=KTOE"
LU,2012,372.137,"Eurostat nrg_bal_c, nrg_bal=INTAVI, siec=O4661XR5230B (kerosene-type jet fuel, excl. biofuel), unit=KTOE"
LU,2013,373.825,"Eurostat nrg_bal_c, nrg_bal=INTAVI, siec=O4661XR5230B (kerosene-type jet fuel, excl. biofuel), unit=KTOE"
LU,2014,405.973,"Eurostat nrg_bal_c, nrg_bal=INTAVI, siec=O4661XR5230B (kerosene-type jet fuel, excl. biofuel), unit=KTOE"
LU,2015,457.652,"Eurostat nrg_bal_c, nrg_bal=INTAVI, siec=O4661XR5230B (kerosene-type jet fuel, excl. biofuel), unit=KTOE"
LU,2016,507.836,"Eurostat nrg_bal_c, nrg_bal=INTAVI, siec=O4661XR5230B (kerosene-type jet fuel, excl. biofuel), unit=KTOE"
LU,2017,574.209,"Eurostat nrg_bal_c, nrg_bal=INTAVI, siec=O4661XR5230B (kerosene-type jet fuel, excl. biofuel), unit=KTOE"
LU,2018,613.997,"Eurostat nrg_bal_c, nrg_bal=INTAVI, siec=O4661XR5230B (kerosene-type jet fuel, excl. biofuel), unit=KTOE"
LU,2019,600.632,"Eurostat nrg_bal_c, nrg_bal=INTAVI, siec=O4661XR5230B (kerosene-type jet fuel, excl. biofuel), unit=KTOE"
LU,2020,546.651,"Eurostat nrg_bal_c, nrg_bal=INTAVI, siec=O4661XR5230B (kerosene-type jet fuel, excl. biofuel), unit=KTOE"
LU,2021,623.633,"Eurostat nrg_bal_c, nrg_bal=INTAVI, siec=O4661XR5230B (kerosene-type jet fuel, excl. biofuel), unit=KTOE"
LU,2022,647.334,"Eurostat nrg_bal_c, nrg_bal=INTAVI, siec=O4661XR5230B (kerosene-type jet fuel, excl. biofuel), unit=KTOE"
LU,2023,597.096,"Eurostat nrg_bal_c, nrg_bal=INTAVI, siec=O4661XR5230B (kerosene-type jet fuel, excl. biofuel), unit=KTOE"
LU,2024,628.35,"Eurostat nrg_bal_c, nrg_bal=INTAVI, siec=O4661XR5230B (kerosene-type jet fuel, excl. biofuel), unit=KTOE"
LV,2010,117.654,"Eurostat nrg_bal_c, nrg_bal=INTAVI, siec=O4661XR5230B (kerosene-type jet fuel, excl. biofuel), unit=KTOE"
LV,2011,117.654,"Eurostat nrg_bal_c, nrg_bal=INTAVI, siec=O4661XR5230B (kerosene-type jet fuel, excl. biofuel), unit=KTOE"
LV,2012,118.686,"Eurostat nrg_bal_c, nrg_bal=INTAVI, siec=O4661XR5230B (kerosene-type jet fuel, excl. biofuel), unit=KTOE"
LV,2013,122.814,"Eurostat nrg_bal_c, nrg_bal=INTAVI, siec=O4661XR5230B (kerosene-type jet fuel, excl. biofuel), unit=KTOE"
LV,2014,109.398,"Eurostat nrg_bal_c, nrg_bal=INTAVI, siec=O4661XR5230B (kerosene-type jet fuel, excl. biofuel), unit=KTOE"
LV,2015,107.334,"Eurostat nrg_bal_c, nrg_bal=INTAVI, siec=O4661XR5230B (kerosene-type jet fuel, excl. biofuel), unit=KTOE"
LV,2016,122.814,"Eurostat nrg_bal_c, nrg_bal=INTAVI, siec=O4661XR5230B (kerosene-type jet fuel, excl. biofuel), unit=KTOE"
LV,2017,139.926,"Eurostat nrg_bal_c, nrg_bal=INTAVI, siec=O4661XR5230B (kerosene-type jet fuel, excl. biofuel), unit=KTOE"
LV,2018,153.266,"Eurostat nrg_bal_c, nrg_bal=INTAVI, siec=O4661XR5230B (kerosene-type jet fuel, excl. biofuel), unit=KTOE"
LV,2019,156.881,"Eurostat nrg_bal_c, nrg_bal=INTAVI, siec=O4661XR5230B (kerosene-type jet fuel, excl. biofuel), unit=KTOE"
LV,2020,58.125,"Eurostat nrg_bal_c, nrg_bal=INTAVI, siec=O4661XR5230B (kerosene-type jet fuel, excl. biofuel), unit=KTOE"
LV,2021,78.23,"Eurostat nrg_bal_c, nrg_bal=INTAVI, siec=O4661XR5230B (kerosene-type jet fuel, excl. biofuel), unit=KTOE"
LV,2022,105.93,"Eurostat nrg_bal_c, nrg_bal=INTAVI, siec=O4661XR5230B (kerosene-type jet fuel, excl. biofuel), unit=KTOE"
LV,2023,133.221,"Eurostat nrg_bal_c, nrg_bal=INTAVI, siec=O4661XR5230B (kerosene-type jet fuel, excl. biofuel), unit=KTOE"
LV,2024,129.829,"Eurostat nrg_bal_c, nrg_bal=INTAVI, siec=O4661XR5230B (kerosene-type jet fuel, excl. biofuel), unit=KTOE"
MD,2010,18.543,"Eurostat nrg_bal_c, nrg_bal=INTAVI, siec=O4661XR5230B (kerosene-type jet fuel, excl. biofuel), unit=KTOE"
MD,2011,19.573,"Eurostat nrg_bal_c, nrg_bal=INTAVI, siec=O4661XR5230B (kerosene-type jet fuel, excl. biofuel), unit=KTOE"
MD,2012,22.663,"Eurostat nrg_bal_c, nrg_bal=INTAVI, siec=O4661XR5230B (kerosene-type jet fuel, excl. biofuel), unit=KTOE"
MD,2013,21.633,"Eurostat nrg_bal_c, nrg_bal=INTAVI, siec=O4661XR5230B (kerosene-type jet fuel, excl. biofuel), unit=KTOE"
MD,2014,25.754,"Eurostat nrg_bal_c, nrg_bal=INTAVI, siec=O4661XR5230B (kerosene-type jet fuel, excl. biofuel), unit=KTOE"
MD,2015,24.723,"Eurostat nrg_bal_c, nrg_bal=INTAVI, siec=O4661XR5230B (kerosene-type jet fuel, excl. biofuel), unit=KTOE"
MD,2016,32.965,"Eurostat nrg_bal_c, nrg_bal=INTAVI, siec=O4661XR5230B (kerosene-type jet fuel, excl. biofuel), unit=KTOE"
MD,2017,48.412,"Eurostat nrg_bal_c, nrg_bal=INTAVI, siec=O4661XR5230B (kerosene-type jet fuel, excl. biofuel), unit=KTOE"
MD,2018,59.602,"Eurostat nrg_bal_c, nrg_bal=INTAVI, siec=O4661XR5230B (kerosene-type jet fuel, excl. biofuel), unit=KTOE"
MD,2019,52.827,"Eurostat nrg_bal_c, nrg_bal=INTAVI, siec=O4661XR5230B (kerosene-type jet fuel, excl. biofuel), unit=KTOE"
MD,2020,18.597,"Eurostat nrg_bal_c, nrg_bal=INTAVI, siec=O4661XR5230B (kerosene-type jet fuel, excl. biofuel), unit=KTOE"
MD,2021,44.531,"Eurostat nrg_bal_c, nrg_bal=INTAVI, siec=O4661XR5230B (kerosene-type jet fuel, excl. biofuel), unit=KTOE"
MD,2022,49.466,"Eurostat nrg_bal_c, nrg_bal=INTAVI, siec=O4661XR5230B (kerosene-type jet fuel, excl. biofuel), unit=KTOE"
MD,2023,48.816,"Eurostat nrg_bal_c, nrg_bal=INTAVI, siec=O4661XR5230B (kerosene-type jet fuel, excl. biofuel), unit=KTOE"
MD,2024,63.79,"Eurostat nrg_bal_c, nrg_bal=INTAVI, siec=O4661XR5230B (kerosene-type jet fuel, excl. biofuel), unit=KTOE"
ME,2010,2.1,"Eurostat nrg_bal_c, nrg_bal=INTAVI, siec=O4661XR5230B (kerosene-type jet fuel, excl. biofuel), unit=KTOE"
ME,2011,10.5,"Eurostat nrg_bal_c, nrg_bal=INTAVI, siec=O4661XR5230B (kerosene-type jet fuel, excl. biofuel), unit=KTOE"
ME,2012,12.6,"Eurostat nrg_bal_c, nrg_bal=INTAVI, siec=O4661XR5230B (kerosene-type jet fuel, excl. biofuel), unit=KTOE"
ME,2013,13.65,"Eurostat nrg_bal_c, nrg_bal=INTAVI, siec=O4661XR5230B (kerosene-type jet fuel, excl. biofuel), unit=KTOE"
ME,2014,17.849,"Eurostat nrg_bal_c, nrg_bal=INTAVI, siec=O4661XR5230B (kerosene-type jet fuel, excl. biofuel), unit=KTOE"
ME,2015,18.899,"Eurostat nrg_bal_c, nrg_bal=INTAVI, siec=O4661XR5230B (kerosene-type jet fuel, excl. biofuel), unit=KTOE"
ME,2016,19.949,"Eurostat nrg_bal_c, nrg_bal=INTAVI, siec=O4661XR5230B (kerosene-type jet fuel, excl. biofuel), unit=KTOE"
ME,2017,20.999,"Eurostat nrg_bal_c, nrg_bal=INTAVI, siec=O4661XR5230B (kerosene-type jet fuel, excl. biofuel), unit=KTOE"
ME,2018,23.939,"Eurostat nrg_bal_c, nrg_bal=INTAVI, siec=O4661XR5230B (kerosene-type jet fuel, excl. biofuel), unit=KTOE"
ME,2019,25.199,"Eurostat nrg_bal_c, nrg_bal=INTAVI, siec=O4661XR5230B (kerosene-type jet fuel, excl. biofuel), unit=KTOE"
ME,2020,5.04,"Eurostat nrg_bal_c, nrg_bal=INTAVI, siec=O4661XR5230B (kerosene-type jet fuel, excl. biofuel), unit=KTOE"
ME,2021,12.6,"Eurostat nrg_bal_c, nrg_bal=INTAVI, siec=O4661XR5230B (kerosene-type jet fuel, excl. biofuel), unit=KTOE"
ME,2022,18.374,"Eurostat nrg_bal_c, nrg_bal=INTAVI, siec=O4661XR5230B (kerosene-type jet fuel, excl. biofuel), unit=KTOE"
ME,2023,25.934,"Eurostat nrg_bal_c, nrg_bal=INTAVI, siec=O4661XR5230B (kerosene-type jet fuel, excl. biofuel), unit=KTOE"
ME,2024,34.859,"Eurostat nrg_bal_c, nrg_bal=INTAVI, siec=O4661XR5230B (kerosene-type jet fuel, excl. biofuel), unit=KTOE"
MK,2010,7.256,"Eurostat nrg_bal_c, nrg_bal=INTAVI, siec=O4661XR5230B (kerosene-type jet fuel, excl. biofuel), unit=KTOE"
MK,2011,4.147,"Eurostat nrg_bal_c, nrg_bal=INTAVI, siec=O4661XR5230B (kerosene-type jet fuel, excl. biofuel), unit=KTOE"
MK,2012,8.293,"Eurostat nrg_bal_c, nrg_bal=INTAVI, siec=O4661XR5230B (kerosene-type jet fuel, excl. biofuel), unit=KTOE"
MK,2013,10.366,"Eurostat nrg_bal_c, nrg_bal=INTAVI, siec=O4661XR5230B (kerosene-type jet fuel, excl. biofuel), unit=KTOE"
MK,2014,12.439,"Eurostat nrg_bal_c, nrg_bal=INTAVI, siec=O4661XR5230B (kerosene-type jet fuel, excl. biofuel), unit=KTOE"
MK,2015,14.512,"Eurostat nrg_bal_c, nrg_bal=INTAVI, siec=O4661XR5230B (kerosene-type jet fuel, excl. biofuel), unit=KTOE"
MK,2016,15.86,"Eurostat nrg_bal_c, nrg_bal=INTAVI, siec=O4661XR5230B (kerosene-type jet fuel, excl. biofuel), unit=KTOE"
MK,2017,20.897,"Eurostat nrg_bal_c, nrg_bal=INTAVI, siec=O4661XR5230B (kerosene-type jet fuel, excl. biofuel), unit=KTOE"
MK,2018,23.575,"Eurostat nrg_bal_c, nrg_bal=INTAVI, siec=O4661XR5230B (kerosene-type jet fuel, excl. biofuel), unit=KTOE"
MK,2019,27.952,"Eurostat nrg_bal_c, nrg_bal=INTAVI, siec=O4661XR5230B (kerosene-type jet fuel, excl. biofuel), unit=KTOE"
MK,2020,15.653,"Eurostat nrg_bal_c, nrg_bal=INTAVI, siec=O4661XR5230B (kerosene-type jet fuel, excl. biofuel), unit=KTOE"
MK,2021,16.605,"Eurostat nrg_bal_c, nrg_bal=INTAVI, siec=O4661XR5230B (kerosene-type jet fuel, excl. biofuel), unit=KTOE"
MK,2022,26.861,"Eurostat nrg_bal_c, nrg_bal=INTAVI, siec=O4661XR5230B (kerosene-type jet fuel, excl. biofuel), unit=KTOE"
MK,2023,12.85,"Eurostat nrg_bal_c, nrg_bal=INTAVI, siec=O4661XR5230B (kerosene-type jet fuel, excl. biofuel), unit=KTOE"
MK,2024,8.011,"Eurostat nrg_bal_c, nrg_bal=INTAVI, siec=O4661XR5230B (kerosene-type jet fuel, excl. biofuel), unit=KTOE"
MT,2010,101.677,"Eurostat nrg_bal_c, nrg_bal=INTAVI, siec=O4661XR5230B (kerosene-type jet fuel, excl. biofuel), unit=KTOE"
MT,2011,104.758,"Eurostat nrg_bal_c, nrg_bal=INTAVI, siec=O4661XR5230B (kerosene-type jet fuel, excl. biofuel), unit=KTOE"
MT,2012,99.623,"Eurostat nrg_bal_c, nrg_bal=INTAVI, siec=O4661XR5230B (kerosene-type jet fuel, excl. biofuel), unit=KTOE"
MT,2013,104.758,"Eurostat nrg_bal_c, nrg_bal=INTAVI, siec=O4661XR5230B (kerosene-type jet fuel, excl. biofuel), unit=KTOE"
MT,2014,111.947,"Eurostat nrg_bal_c, nrg_bal=INTAVI, siec=O4661XR5230B (kerosene-type jet fuel, excl. biofuel), unit=KTOE"
MT,2015,116.055,"Eurostat nrg_bal_c, nrg_bal=INTAVI, siec=O4661XR5230B (kerosene-type jet fuel, excl. biofuel), unit=KTOE"
MT,2016,124.272,"Eurostat nrg_bal_c, nrg_bal=INTAVI, siec=O4661XR5230B (kerosene-type jet fuel, excl. biofuel), unit=KTOE"
MT,2017,139.384,"Eurostat nrg_bal_c, nrg_bal=INTAVI, siec=O4661XR5230B (kerosene-type jet fuel, excl. biofuel), unit=KTOE"
MT,2018,156.785,"Eurostat nrg_bal_c, nrg_bal=INTAVI, siec=O4661XR5230B (kerosene-type jet fuel, excl. biofuel), unit=KTOE"
MT,2019,164.798,"Eurostat nrg_bal_c, nrg_bal=INTAVI, siec=O4661XR5230B (kerosene-type jet fuel, excl. biofuel), unit=KTOE"
MT,2020,59.193,"Eurostat nrg_bal_c, nrg_bal=INTAVI, siec=O4661XR5230B (kerosene-type jet fuel, excl. biofuel), unit=KTOE"
MT,2021,77.163,"Eurostat nrg_bal_c, nrg_bal=INTAVI, siec=O4661XR5230B (kerosene-type jet fuel, excl. biofuel), unit=KTOE"
MT,2022,125.95,"Eurostat nrg_bal_c, nrg_bal=INTAVI, siec=O4661XR5230B (kerosene-type jet fuel, excl. biofuel), unit=KTOE"
MT,2023,150.409,"Eurostat nrg_bal_c, nrg_bal=INTAVI, siec=O4661XR5230B (kerosene-type jet fuel, excl. biofuel), unit=KTOE"
MT,2024,163.554,"Eurostat nrg_bal_c, nrg_bal=INTAVI, siec=O4661XR5230B (kerosene-type jet fuel, excl. biofuel), unit=KTOE"
NL,2010,3409.931,"Eurostat nrg_bal_c, nrg_bal=INTAVI, siec=O4661XR5230B (kerosene-type jet fuel, excl. biofuel), unit=KTOE"
NL,2011,3549.154,"Eurostat nrg_bal_c, nrg_bal=INTAVI, siec=O4661XR5230B (kerosene-type jet fuel, excl. biofuel), unit=KTOE"
NL,2012,3410.97,"Eurostat nrg_bal_c, nrg_bal=INTAVI, siec=O4661XR5230B (kerosene-type jet fuel, excl. biofuel), unit=KTOE"
NL,2013,3484.738,"Eurostat nrg_bal_c, nrg_bal=INTAVI, siec=O4661XR5230B (kerosene-type jet fuel, excl. biofuel), unit=KTOE"
NL,2014,3616.688,"Eurostat nrg_bal_c, nrg_bal=INTAVI, siec=O4661XR5230B (kerosene-type jet fuel, excl. biofuel), unit=KTOE"
NL,2015,3801.218,"Eurostat nrg_bal_c, nrg_bal=INTAVI, siec=O4661XR5230B (kerosene-type jet fuel, excl. biofuel), unit=KTOE"
NL,2016,3900.171,"Eurostat nrg_bal_c, nrg_bal=INTAVI, siec=O4661XR5230B (kerosene-type jet fuel, excl. biofuel), unit=KTOE"
NL,2017,4013.363,"Eurostat nrg_bal_c, nrg_bal=INTAVI, siec=O4661XR5230B (kerosene-type jet fuel, excl. biofuel), unit=KTOE"
NL,2018,4061.483,"Eurostat nrg_bal_c, nrg_bal=INTAVI, siec=O4661XR5230B (kerosene-type jet fuel, excl. biofuel), unit=KTOE"
NL,2019,3971.783,"Eurostat nrg_bal_c, nrg_bal=INTAVI, siec=O4661XR5230B (kerosene-type jet fuel, excl. biofuel), unit=KTOE"
NL,2020,2215.193,"Eurostat nrg_bal_c, nrg_bal=INTAVI, siec=O4661XR5230B (kerosene-type jet fuel, excl. biofuel), unit=KTOE"
NL,2021,2436.187,"Eurostat nrg_bal_c, nrg_bal=INTAVI, siec=O4661XR5230B (kerosene-type jet fuel, excl. biofuel), unit=KTOE"
NL,2022,3166.938,"Eurostat nrg_bal_c, nrg_bal=INTAVI, siec=O4661XR5230B (kerosene-type jet fuel, excl. biofuel), unit=KTOE"
NL,2023,3335.877,"Eurostat nrg_bal_c, nrg_bal=INTAVI, siec=O4661XR5230B (kerosene-type jet fuel, excl. biofuel), unit=KTOE"
NL,2024,3485.803,"Eurostat nrg_bal_c, nrg_bal=INTAVI, siec=O4661XR5230B (kerosene-type jet fuel, excl. biofuel), unit=KTOE"
NO,2010,421.15,"Eurostat nrg_bal_c, nrg_bal=INTAVI, siec=O4661XR5230B (kerosene-type jet fuel, excl. biofuel), unit=KTOE"
NO,2011,443.321,"Eurostat nrg_bal_c, nrg_bal=INTAVI, siec=O4661XR5230B (kerosene-type jet fuel, excl. biofuel), unit=KTOE"
NO,2012,491.813,"Eurostat nrg_bal_c, nrg_bal=INTAVI, siec=O4661XR5230B (kerosene-type jet fuel, excl. biofuel), unit=KTOE"
NO,2013,521.622,"Eurostat nrg_bal_c, nrg_bal=INTAVI, siec=O4661XR5230B (kerosene-type jet fuel, excl. biofuel), unit=KTOE"
NO,2014,548.349,"Eurostat nrg_bal_c, nrg_bal=INTAVI, siec=O4661XR5230B (kerosene-type jet fuel, excl. biofuel), unit=KTOE"
NO,2015,530.448,"Eurostat nrg_bal_c, nrg_bal=INTAVI, siec=O4661XR5230B (kerosene-type jet fuel, excl. biofuel), unit=KTOE"
NO,2016,518.525,"Eurostat nrg_bal_c, nrg_bal=INTAVI, siec=O4661XR5230B (kerosene-type jet fuel, excl. biofuel), unit=KTOE"
NO,2017,545.29,"Eurostat nrg_bal_c, nrg_bal=INTAVI, siec=O4661XR5230B (kerosene-type jet fuel, excl. biofuel), unit=KTOE"
NO,2018,570.807,"Eurostat nrg_bal_c, nrg_bal=INTAVI, siec=O4661XR5230B (kerosene-type jet fuel, excl. biofuel), unit=KTOE"
NO,2019,548.787,"Eurostat nrg_bal_c, nrg_bal=INTAVI, siec=O4661XR5230B (kerosene-type jet fuel, excl. biofuel), unit=KTOE"
NO,2020,173.335,"Eurostat nrg_bal_c, nrg_bal=INTAVI, siec=O4661XR5230B (kerosene-type jet fuel, excl. biofuel), unit=KTOE"
NO,2021,168.557,"Eurostat nrg_bal_c, nrg_bal=INTAVI, siec=O4661XR5230B (kerosene-type jet fuel, excl. biofuel), unit=KTOE"
NO,2022,442.131,"Eurostat nrg_bal_c, nrg_bal=INTAVI, siec=O4661XR5230B (kerosene-type jet fuel, excl. biofuel), unit=KTOE"
NO,2023,520.603,"Eurostat nrg_bal_c, nrg_bal=INTAVI, siec=O4661XR5230B (kerosene-type jet fuel, excl. biofuel), unit=KTOE"
NO,2024,561.802,"Eurostat nrg_bal_c, nrg_bal=INTAVI, siec=O4661XR5230B (kerosene-type jet fuel, excl. biofuel), unit=KTOE"
PL,2010,508.383,"Eurostat nrg_bal_c, nrg_bal=INTAVI, siec=O4661XR5230B (kerosene-type jet fuel, excl. biofuel), unit=KTOE"
PL,2011,498.113,"Eurostat nrg_bal_c, nrg_bal=INTAVI, siec=O4661XR5230B (kerosene-type jet fuel, excl. biofuel), unit=KTOE"
PL,2012,538.168,"Eurostat nrg_bal_c, nrg_bal=INTAVI, siec=O4661XR5230B (kerosene-type jet fuel, excl. biofuel), unit=KTOE"
PL,2013,525.843,"Eurostat nrg_bal_c, nrg_bal=INTAVI, siec=O4661XR5230B (kerosene-type jet fuel, excl. biofuel), unit=KTOE"
PL,2014,584.384,"Eurostat nrg_bal_c, nrg_bal=INTAVI, siec=O4661XR5230B (kerosene-type jet fuel, excl. biofuel), unit=KTOE"
PL,2015,649.088,"Eurostat nrg_bal_c, nrg_bal=INTAVI, siec=O4661XR5230B (kerosene-type jet fuel, excl. biofuel), unit=KTOE"
PL,2016,682.98,"Eurostat nrg_bal_c, nrg_bal=INTAVI, siec=O4661XR5230B (kerosene-type jet fuel, excl. biofuel), unit=KTOE"
PL,2017,850.601,"Eurostat nrg_bal_c, nrg_bal=INTAVI, siec=O4661XR5230B (kerosene-type jet fuel, excl. biofuel), unit=KTOE"
PL,2018,1006.338,"Eurostat nrg_bal_c, nrg_bal=INTAVI, siec=O4661XR5230B (kerosene-type jet fuel, excl. biofuel), unit=KTOE"
PL,2019,1076.072,"Eurostat nrg_bal_c, nrg_bal=INTAVI, siec=O4661XR5230B (kerosene-type jet fuel, excl. biofuel), unit=KTOE"
PL,2020,457.136,"Eurostat nrg_bal_c, nrg_bal=INTAVI, siec=O4661XR5230B (kerosene-type jet fuel, excl. biofuel), unit=KTOE"
PL,2021,563.786,"Eurostat nrg_bal_c, nrg_bal=INTAVI, siec=O4661XR5230B (kerosene-type jet fuel, excl. biofuel), unit=KTOE"
PL,2022,977.892,"Eurostat nrg_bal_c, nrg_bal=INTAVI, siec=O4661XR5230B (kerosene-type jet fuel, excl. biofuel), unit=KTOE"
PL,2023,1186.257,"Eurostat nrg_bal_c, nrg_bal=INTAVI, siec=O4661XR5230B (kerosene-type jet fuel, excl. biofuel), unit=KTOE"
PL,2024,1331.461,"Eurostat nrg_bal_c, nrg_bal=INTAVI, siec=O4661XR5230B (kerosene-type jet fuel, excl. biofuel), unit=KTOE"
PT,2010,878.117,"Eurostat nrg_bal_c, nrg_bal=INTAVI, siec=O4661XR5230B (kerosene-type jet fuel, excl. biofuel), unit=KTOE"
PT,2011,915.09,"Eurostat nrg_bal_c, nrg_bal=INTAVI, siec=O4661XR5230B (kerosene-type jet fuel, excl. biofuel), unit=KTOE"
PT,2012,923.307,"Eurostat nrg_bal_c, nrg_bal=INTAVI, siec=O4661XR5230B (kerosene-type jet fuel, excl. biofuel), unit=KTOE"
PT,2013,933.577,"Eurostat nrg_bal_c, nrg_bal=INTAVI, siec=O4661XR5230B (kerosene-type jet fuel, excl. biofuel), unit=KTOE"
PT,2014,966.442,"Eurostat nrg_bal_c, nrg_bal=INTAVI, siec=O4661XR5230B (kerosene-type jet fuel, excl. biofuel), unit=KTOE"
PT,2015,1046.551,"Eurostat nrg_bal_c, nrg_bal=INTAVI, siec=O4661XR5230B (kerosene-type jet fuel, excl. biofuel), unit=KTOE"
PT,2016,1149.255,"Eurostat nrg_bal_c, nrg_bal=INTAVI, siec=O4661XR5230B (kerosene-type jet fuel, excl. biofuel), unit=KTOE"
PT,2017,1280.503,"Eurostat nrg_bal_c, nrg_bal=INTAVI, siec=O4661XR5230B (kerosene-type jet fuel, excl. biofuel), unit=KTOE"
PT,2018,1363.877,"Eurostat nrg_bal_c, nrg_bal=INTAVI, siec=O4661XR5230B (kerosene-type jet fuel, excl. biofuel), unit=KTOE"
PT,2019,1458.157,"Eurostat nrg_bal_c, nrg_bal=INTAVI, siec=O4661XR5230B (kerosene-type jet fuel, excl. biofuel), unit=KTOE"
PT,2020,523.094,"Eurostat nrg_bal_c, nrg_bal=INTAVI, siec=O4661XR5230B (kerosene-type jet fuel, excl. biofuel), unit=KTOE"
PT,2021,665.839,"Eurostat nrg_bal_c, nrg_bal=INTAVI, siec=O4661XR5230B (kerosene-type jet fuel, excl. biofuel), unit=KTOE"
PT,2022,1390.542,"Eurostat nrg_bal_c, nrg_bal=INTAVI, siec=O4661XR5230B (kerosene-type jet fuel, excl. biofuel), unit=KTOE"
PT,2023,1604.161,"Eurostat nrg_bal_c, nrg_bal=INTAVI, siec=O4661XR5230B (kerosene-type jet fuel, excl. biofuel), unit=KTOE"
PT,2024,1671.262,"Eurostat nrg_bal_c, nrg_bal=INTAVI, siec=O4661XR5230B (kerosene-type jet fuel, excl. biofuel), unit=KTOE"
RO,2010,166.167,"Eurostat nrg_bal_c, nrg_bal=INTAVI, siec=O4661XR5230B (kerosene-type jet fuel, excl. biofuel), unit=KTOE"
RO,2011,145.288,"Eurostat nrg_bal_c, nrg_bal=INTAVI, siec=O4661XR5230B (kerosene-type jet fuel, excl. biofuel), unit=KTOE"
RO,2012,133.145,"Eurostat nrg_bal_c, nrg_bal=INTAVI, siec=O4661XR5230B (kerosene-type jet fuel, excl. biofuel), unit=KTOE"
RO,2013,165.396,"Eurostat nrg_bal_c, nrg_bal=INTAVI, siec=O4661XR5230B (kerosene-type jet fuel, excl. biofuel), unit=KTOE"
RO,2014,206.702,"Eurostat nrg_bal_c, nrg_bal=INTAVI, siec=O4661XR5230B (kerosene-type jet fuel, excl. biofuel), unit=KTOE"
RO,2015,239.281,"Eurostat nrg_bal_c, nrg_bal=INTAVI, siec=O4661XR5230B (kerosene-type jet fuel, excl. biofuel), unit=KTOE"
RO,2016,290.559,"Eurostat nrg_bal_c, nrg_bal=INTAVI, siec=O4661XR5230B (kerosene-type jet fuel, excl. biofuel), unit=KTOE"
RO,2017,335.943,"Eurostat nrg_bal_c, nrg_bal=INTAVI, siec=O4661XR5230B (kerosene-type jet fuel, excl. biofuel), unit=KTOE"
RO,2018,137.366,"Eurostat nrg_bal_c, nrg_bal=INTAVI, siec=O4661XR5230B (kerosene-type jet fuel, excl. biofuel), unit=KTOE"
RO,2019,152.618,"Eurostat nrg_bal_c, nrg_bal=INTAVI, siec=O4661XR5230B (kerosene-type jet fuel, excl. biofuel), unit=KTOE"
RO,2020,47.31,"Eurostat nrg_bal_c, nrg_bal=INTAVI, siec=O4661XR5230B (kerosene-type jet fuel, excl. biofuel), unit=KTOE"
RO,2021,82.279,"Eurostat nrg_bal_c, nrg_bal=INTAVI, siec=O4661XR5230B (kerosene-type jet fuel, excl. biofuel), unit=KTOE"
RO,2022,91.66,"Eurostat nrg_bal_c, nrg_bal=INTAVI, siec=O4661XR5230B (kerosene-type jet fuel, excl. biofuel), unit=KTOE"
RO,2023,95.262,"Eurostat nrg_bal_c, nrg_bal=INTAVI, siec=O4661XR5230B (kerosene-type jet fuel, excl. biofuel), unit=KTOE"
RO,2024,92.9,"Eurostat nrg_bal_c, nrg_bal=INTAVI, siec=O4661XR5230B (kerosene-type jet fuel, excl. biofuel), unit=KTOE"
RS,2010,42.601,"Eurostat nrg_bal_c, nrg_bal=INTAVI, siec=O4661XR5230B (kerosene-type jet fuel, excl. biofuel), unit=KTOE"
RS,2011,47.926,"Eurostat nrg_bal_c, nrg_bal=INTAVI, siec=O4661XR5230B (kerosene-type jet fuel, excl. biofuel), unit=KTOE"
RS,2012,39.406,"Eurostat nrg_bal_c, nrg_bal=INTAVI, siec=O4661XR5230B (kerosene-type jet fuel, excl. biofuel), unit=KTOE"
RS,2013,43.666,"Eurostat nrg_bal_c, nrg_bal=INTAVI, siec=O4661XR5230B (kerosene-type jet fuel, excl. biofuel), unit=KTOE"
RS,2014,70.291,"Eurostat nrg_bal_c, nrg_bal=INTAVI, siec=O4661XR5230B (kerosene-type jet fuel, excl. biofuel), unit=KTOE"
RS,2015,63.236,"Eurostat nrg_bal_c, nrg_bal=INTAVI, siec=O4661XR5230B (kerosene-type jet fuel, excl. biofuel), unit=KTOE"
RS,2016,118.18,"Eurostat nrg_bal_c, nrg_bal=INTAVI, siec=O4661XR5230B (kerosene-type jet fuel, excl. biofuel), unit=KTOE"
RS,2017,132.267,"Eurostat nrg_bal_c, nrg_bal=INTAVI, siec=O4661XR5230B (kerosene-type jet fuel, excl. biofuel), unit=KTOE"
RS,2018,139.535,"Eurostat nrg_bal_c, nrg_bal=INTAVI, siec=O4661XR5230B (kerosene-type jet fuel, excl. biofuel), unit=KTOE"
RS,2019,141.991,"Eurostat nrg_bal_c, nrg_bal=INTAVI, siec=O4661XR5230B (kerosene-type jet fuel, excl. biofuel), unit=KTOE"
RS,2020,78.743,"Eurostat nrg_bal_c, nrg_bal=INTAVI, siec=O4661XR5230B (kerosene-type jet fuel, excl. biofuel), unit=KTOE"
RS,2021,112.36,"Eurostat nrg_bal_c, nrg_bal=INTAVI, siec=O4661XR5230B (kerosene-type jet fuel, excl. biofuel), unit=KTOE"
RS,2022,150.363,"Eurostat nrg_bal_c, nrg_bal=INTAVI, siec=O4661XR5230B (kerosene-type jet fuel, excl. biofuel), unit=KTOE"
RS,2023,197.703,"Eurostat nrg_bal_c, nrg_bal=INTAVI, siec=O4661XR5230B (kerosene-type jet fuel, excl. biofuel), unit=KTOE"
RS,2024,211.286,"Eurostat nrg_bal_c, nrg_bal=INTAVI, siec=O4661XR5230B (kerosene-type jet fuel, excl. biofuel), unit=KTOE"
SE,2010,706.771,"Eurostat nrg_bal_c, nrg_bal=INTAVI, siec=O4661XR5230B (kerosene-type jet fuel, excl. biofuel), unit=KTOE"
SE,2011,759.437,"Eurostat nrg_bal_c, nrg_bal=INTAVI, siec=O4661XR5230B (kerosene-type jet fuel, excl. biofuel), unit=KTOE"
SE,2012,722.571,"Eurostat nrg_bal_c, nrg_bal=INTAVI, siec=O4661XR5230B (kerosene-type jet fuel, excl. biofuel), unit=KTOE"
SE,2013,815.262,"Eurostat nrg_bal_c, nrg_bal=INTAVI, siec=O4661XR5230B (kerosene-type jet fuel, excl. biofuel), unit=KTOE"
SE,2014,740.477,"Eurostat nrg_bal_c, nrg_bal=INTAVI, siec=O4661XR5230B (kerosene-type jet fuel, excl. biofuel), unit=KTOE"
SE,2015,758.383,"Eurostat nrg_bal_c, nrg_bal=INTAVI, siec=O4661XR5230B (kerosene-type jet fuel, excl. biofuel), unit=KTOE"
SE,2016,842.648,"Eurostat nrg_bal_c, nrg_bal=INTAVI, siec=O4661XR5230B (kerosene-type jet fuel, excl. biofuel), unit=KTOE"
SE,2017,894.583,"Eurostat nrg_bal_c, nrg_bal=INTAVI, siec=O4661XR5230B (kerosene-type jet fuel, excl. biofuel), unit=KTOE"
SE,2018,941.841,"Eurostat nrg_bal_c, nrg_bal=INTAVI, siec=O4661XR5230B (kerosene-type jet fuel, excl. biofuel), unit=KTOE"
SE,2019,894.552,"Eurostat nrg_bal_c, nrg_bal=INTAVI, siec=O4661XR5230B (kerosene-type jet fuel, excl. biofuel), unit=KTOE"
SE,2020,344.083,"Eurostat nrg_bal_c, nrg_bal=INTAVI, siec=O4661XR5230B (kerosene-type jet fuel, excl. biofuel), unit=KTOE"
SE,2021,358.899,"Eurostat nrg_bal_c, nrg_bal=INTAVI, siec=O4661XR5230B (kerosene-type jet fuel, excl. biofuel), unit=KTOE"
SE,2022,628.189,"Eurostat nrg_bal_c, nrg_bal=INTAVI, siec=O4661XR5230B (kerosene-type jet fuel, excl. biofuel), unit=KTOE"
SE,2023,582.032,"Eurostat nrg_bal_c, nrg_bal=INTAVI, siec=O4661XR5230B (kerosene-type jet fuel, excl. biofuel), unit=KTOE"
SE,2024,576.84,"Eurostat nrg_bal_c, nrg_bal=INTAVI, siec=O4661XR5230B (kerosene-type jet fuel, excl. biofuel), unit=KTOE"
SI,2010,28.078,"Eurostat nrg_bal_c, nrg_bal=INTAVI, siec=O4661XR5230B (kerosene-type jet fuel, excl. biofuel), unit=KTOE"
SI,2011,23.919,"Eurostat nrg_bal_c, nrg_bal=INTAVI, siec=O4661XR5230B (kerosene-type jet fuel, excl. biofuel), unit=KTOE"
SI,2012,23.919,"Eurostat nrg_bal_c, nrg_bal=INTAVI, siec=O4661XR5230B (kerosene-type jet fuel, excl. biofuel), unit=KTOE"
SI,2013,25.998,"Eurostat nrg_bal_c, nrg_bal=INTAVI, siec=O4661XR5230B (kerosene-type jet fuel, excl. biofuel), unit=KTOE"
SI,2014,25.998,"Eurostat nrg_bal_c, nrg_bal=INTAVI, siec=O4661XR5230B (kerosene-type jet fuel, excl. biofuel), unit=KTOE"
SI,2015,25.998,"Eurostat nrg_bal_c, nrg_bal=INTAVI, siec=O4661XR5230B (kerosene-type jet fuel, excl. biofuel), unit=KTOE"
SI,2016,21.839,"Eurostat nrg_bal_c, nrg_bal=INTAVI, siec=O4661XR5230B (kerosene-type jet fuel, excl. biofuel), unit=KTOE"
SI,2017,26.363,"Eurostat nrg_bal_c, nrg_bal=INTAVI, siec=O4661XR5230B (kerosene-type jet fuel, excl. biofuel), unit=KTOE"
SI,2018,35.548,"Eurostat nrg_bal_c, nrg_bal=INTAVI, siec=O4661XR5230B (kerosene-type jet fuel, excl. biofuel), unit=KTOE"
SI,2019,27.5,"Eurostat nrg_bal_c, nrg_bal=INTAVI, siec=O4661XR5230B (kerosene-type jet fuel, excl. biofuel), unit=KTOE"
SI,2020,9.947,"Eurostat nrg_bal_c, nrg_bal=INTAVI, siec=O4661XR5230B (kerosene-type jet fuel, excl. biofuel), unit=KTOE"
SI,2021,10.693,"Eurostat nrg_bal_c, nrg_bal=INTAVI, siec=O4661XR5230B (kerosene-type jet fuel, excl. biofuel), unit=KTOE"
SI,2022,22.208,"Eurostat nrg_bal_c, nrg_bal=INTAVI, siec=O4661XR5230B (kerosene-type jet fuel, excl. biofuel), unit=KTOE"
SI,2023,19.719,"Eurostat nrg_bal_c, nrg_bal=INTAVI, siec=O4661XR5230B (kerosene-type jet fuel, excl. biofuel), unit=KTOE"
SI,2024,21.266,"Eurostat nrg_bal_c, nrg_bal=INTAVI, siec=O4661XR5230B (kerosene-type jet fuel, excl. biofuel), unit=KTOE"
SK,2010,41.369,"Eurostat nrg_bal_c, nrg_bal=INTAVI, siec=O4661XR5230B (kerosene-type jet fuel, excl. biofuel), unit=KTOE"
SK,2011,43.437,"Eurostat nrg_bal_c, nrg_bal=INTAVI, siec=O4661XR5230B (kerosene-type jet fuel, excl. biofuel), unit=KTOE"
SK,2012,37.231,"Eurostat nrg_bal_c, nrg_bal=INTAVI, siec=O4661XR5230B (kerosene-type jet fuel, excl. biofuel), unit=KTOE"
SK,2013,41.368,"Eurostat nrg_bal_c, nrg_bal=INTAVI, siec=O4661XR5230B (kerosene-type jet fuel, excl. biofuel), unit=KTOE"
SK,2014,35.163,"Eurostat nrg_bal_c, nrg_bal=INTAVI, siec=O4661XR5230B (kerosene-type jet fuel, excl. biofuel), unit=KTOE"
SK,2015,43.437,"Eurostat nrg_bal_c, nrg_bal=INTAVI, siec=O4661XR5230B (kerosene-type jet fuel, excl. biofuel), unit=KTOE"
SK,2016,49.642,"Eurostat nrg_bal_c, nrg_bal=INTAVI, siec=O4661XR5230B (kerosene-type jet fuel, excl. biofuel), unit=KTOE"
SK,2017,40.334,"Eurostat nrg_bal_c, nrg_bal=INTAVI, siec=O4661XR5230B (kerosene-type jet fuel, excl. biofuel), unit=KTOE"
SK,2018,47.573,"Eurostat nrg_bal_c, nrg_bal=INTAVI, siec=O4661XR5230B (kerosene-type jet fuel, excl. biofuel), unit=KTOE"
SK,2019,45.505,"Eurostat nrg_bal_c, nrg_bal=INTAVI, siec=O4661XR5230B (kerosene-type jet fuel, excl. biofuel), unit=KTOE"
SK,2020,28.958,"Eurostat nrg_bal_c, nrg_bal=INTAVI, siec=O4661XR5230B (kerosene-type jet fuel, excl. biofuel), unit=KTOE"
SK,2021,22.752,"Eurostat nrg_bal_c, nrg_bal=INTAVI, siec=O4661XR5230B (kerosene-type jet fuel, excl. biofuel), unit=KTOE"
SK,2022,34.129,"Eurostat nrg_bal_c, nrg_bal=INTAVI, siec=O4661XR5230B (kerosene-type jet fuel, excl. biofuel), unit=KTOE"
SK,2023,28.958,"Eurostat nrg_bal_c, nrg_bal=INTAVI, siec=O4661XR5230B (kerosene-type jet fuel, excl. biofuel), unit=KTOE"
SK,2024,34.129,"Eurostat nrg_bal_c, nrg_bal=INTAVI, siec=O4661XR5230B (kerosene-type jet fuel, excl. biofuel), unit=KTOE"
TR,2010,1247.12,"Eurostat nrg_bal_c, nrg_bal=INTAVI, siec=O4661XR5230B (kerosene-type jet fuel, excl. biofuel), unit=KTOE"
TR,2011,1193.401,"Eurostat nrg_bal_c, nrg_bal=INTAVI, siec=O4661XR5230B (kerosene-type jet fuel, excl. biofuel), unit=KTOE"
TR,2012,1068.448,"Eurostat nrg_bal_c, nrg_bal=INTAVI, siec=O4661XR5230B (kerosene-type jet fuel, excl. biofuel), unit=KTOE"
TR,2013,1079.101,"Eurostat nrg_bal_c, nrg_bal=INTAVI, siec=O4661XR5230B (kerosene-type jet fuel, excl. biofuel), unit=KTOE"
TR,2014,2705.621,"Eurostat nrg_bal_c, nrg_bal=INTAVI, siec=O4661XR5230B (kerosene-type jet fuel, excl. biofuel), unit=KTOE"
TR,2015,3676.305,"Eurostat nrg_bal_c, nrg_bal=INTAVI, siec=O4661XR5230B (kerosene-type jet fuel, excl. biofuel), unit=KTOE"
TR,2016,3551.552,"Eurostat nrg_bal_c, nrg_bal=INTAVI, siec=O4661XR5230B (kerosene-type jet fuel, excl. biofuel), unit=KTOE"
TR,2017,3679.383,"Eurostat nrg_bal_c, nrg_bal=INTAVI, siec=O4661XR5230B (kerosene-type jet fuel, excl. biofuel), unit=KTOE"
TR,2018,3934.888,"Eurostat nrg_bal_c, nrg_bal=INTAVI, siec=O4661XR5230B (kerosene-type jet fuel, excl. biofuel), unit=KTOE"
TR,2019,4517.648,"Eurostat nrg_bal_c, nrg_bal=INTAVI, siec=O4661XR5230B (kerosene-type jet fuel, excl. biofuel), unit=KTOE"
TR,2020,1929.875,"Eurostat nrg_bal_c, nrg_bal=INTAVI, siec=O4661XR5230B (kerosene-type jet fuel, excl. biofuel), unit=KTOE"
TR,2021,2742.872,"Eurostat nrg_bal_c, nrg_bal=INTAVI, siec=O4661XR5230B (kerosene-type jet fuel, excl. biofuel), unit=KTOE"
TR,2022,4062.94,"Eurostat nrg_bal_c, nrg_bal=INTAVI, siec=O4661XR5230B (kerosene-type jet fuel, excl. biofuel), unit=KTOE"
TR,2023,4651.141,"Eurostat nrg_bal_c, nrg_bal=INTAVI, siec=O4661XR5230B (kerosene-type jet fuel, excl. biofuel), unit=KTOE"
TR,2024,4932.756,"Eurostat nrg_bal_c, nrg_bal=INTAVI, siec=O4661XR5230B (kerosene-type jet fuel, excl. biofuel), unit=KTOE"
UA,2010,0.0,"Eurostat nrg_bal_c, nrg_bal=INTAVI, siec=O4661XR5230B (kerosene-type jet fuel, excl. biofuel), unit=KTOE"
UA,2011,0.0,"Eurostat nrg_bal_c, nrg_bal=INTAVI, siec=O4661XR5230B (kerosene-type jet fuel, excl. biofuel), unit=KTOE"
UA,2012,0.0,"Eurostat nrg_bal_c, nrg_bal=INTAVI, siec=O4661XR5230B (kerosene-type jet fuel, excl. biofuel), unit=KTOE"
UA,2013,0.0,"Eurostat nrg_bal_c, nrg_bal=INTAVI, siec=O4661XR5230B (kerosene-type jet fuel, excl. biofuel), unit=KTOE"
UA,2014,0.0,"Eurostat nrg_bal_c, nrg_bal=INTAVI, siec=O4661XR5230B (kerosene-type jet fuel, excl. biofuel), unit=KTOE"
UA,2015,0.0,"Eurostat nrg_bal_c, nrg_bal=INTAVI, siec=O4661XR5230B (kerosene-type jet fuel, excl. biofuel), unit=KTOE"
UA,2016,0.0,"Eurostat nrg_bal_c, nrg_bal=INTAVI, siec=O4661XR5230B (kerosene-type jet fuel, excl. biofuel), unit=KTOE"
UA,2017,0.0,"Eurostat nrg_bal_c, nrg_bal=INTAVI, siec=O4661XR5230B (kerosene-type jet fuel, excl. biofuel), unit=KTOE"
UA,2018,0.0,"Eurostat nrg_bal_c, nrg_bal=INTAVI, siec=O4661XR5230B (kerosene-type jet fuel, excl. biofuel), unit=KTOE"
UA,2019,0.0,"Eurostat nrg_bal_c, nrg_bal=INTAVI, siec=O4661XR5230B (kerosene-type jet fuel, excl. biofuel), unit=KTOE"
UA,2020,0.0,"Eurostat nrg_bal_c, nrg_bal=INTAVI, siec=O4661XR5230B (kerosene-type jet fuel, excl. biofuel), unit=KTOE"
UK,2010,10951.135,"Eurostat nrg_bal_c, nrg_bal=INTAVI, siec=O4661XR5230B (kerosene-type jet fuel, excl. biofuel), unit=KTOE"
UK,2011,11411.413,"Eurostat nrg_bal_c, nrg_bal=INTAVI, siec=O4661XR5230B (kerosene-type jet fuel, excl. biofuel), unit=KTOE"
UK,2012,11062.409,"Eurostat nrg_bal_c, nrg_bal=INTAVI, siec=O4661XR5230B (kerosene-type jet fuel, excl. biofuel), unit=KTOE"
UK,2013,10969.659,"Eurostat nrg_bal_c, nrg_bal=INTAVI, siec=O4661XR5230B (kerosene-type jet fuel, excl. biofuel), unit=KTOE"
UK,2014,10953.607,"Eurostat nrg_bal_c, nrg_bal=INTAVI, siec=O4661XR5230B (kerosene-type jet fuel, excl. biofuel), unit=KTOE"
UK,2015,11058.124,"Eurostat nrg_bal_c, nrg_bal=INTAVI, siec=O4661XR5230B (kerosene-type jet fuel, excl. biofuel), unit=KTOE"
UK,2016,11063.778,"Eurostat nrg_bal_c, nrg_bal=INTAVI, siec=O4661XR5230B (kerosene-type jet fuel, excl. biofuel), unit=KTOE"
UK,2017,11886.727,"Eurostat nrg_bal_c, nrg_bal=INTAVI, siec=O4661XR5230B (kerosene-type jet fuel, excl. biofuel), unit=KTOE"
UK,2018,11973.829,"Eurostat nrg_bal_c, nrg_bal=INTAVI, siec=O4661XR5230B (kerosene-type jet fuel, excl. biofuel), unit=KTOE"
UK,2019,12072.079,"Eurostat nrg_bal_c, nrg_bal=INTAVI, siec=O4661XR5230B (kerosene-type jet fuel, excl. biofuel), unit=KTOE"
XK,2010,12.64,"Eurostat nrg_bal_c, nrg_bal=INTAVI, siec=O4661XR5230B (kerosene-type jet fuel, excl. biofuel), unit=KTOE"
XK,2011,12.64,"Eurostat nrg_bal_c, nrg_bal=INTAVI, siec=O4661XR5230B (kerosene-type jet fuel, excl. biofuel), unit=KTOE"
XK,2012,14.746,"Eurostat nrg_bal_c, nrg_bal=INTAVI, siec=O4661XR5230B (kerosene-type jet fuel, excl. biofuel), unit=KTOE"
XK,2013,16.552,"Eurostat nrg_bal_c, nrg_bal=INTAVI, siec=O4661XR5230B (kerosene-type jet fuel, excl. biofuel), unit=KTOE"
XK,2014,2.054,"Eurostat nrg_bal_c, nrg_bal=INTAVI, siec=O4661XR5230B (kerosene-type jet fuel, excl. biofuel), unit=KTOE"
XK,2015,4.108,"Eurostat nrg_bal_c, nrg_bal=INTAVI, siec=O4661XR5230B (kerosene-type jet fuel, excl. biofuel), unit=KTOE"
XK,2016,4.108,"Eurostat nrg_bal_c, nrg_bal=INTAVI, siec=O4661XR5230B (kerosene-type jet fuel, excl. biofuel), unit=KTOE"
XK,2017,5.923,"Eurostat nrg_bal_c, nrg_bal=INTAVI, siec=O4661XR5230B (kerosene-type jet fuel, excl. biofuel), unit=KTOE"
XK,2018,3.069,"Eurostat nrg_bal_c, nrg_bal=INTAVI, siec=O4661XR5230B (kerosene-type jet fuel, excl. biofuel), unit=KTOE"
XK,2019,2.483,"Eurostat nrg_bal_c, nrg_bal=INTAVI, siec=O4661XR5230B (kerosene-type jet fuel, excl. biofuel), unit=KTOE"
XK,2020,2.123,"Eurostat nrg_bal_c, nrg_bal=INTAVI, siec=O4661XR5230B (kerosene-type jet fuel, excl. biofuel), unit=KTOE"
XK,2021,2.435,"Eurostat nrg_bal_c, nrg_bal=INTAVI, siec=O4661XR5230B (kerosene-type jet fuel, excl. biofuel), unit=KTOE"
XK,2022,3.694,"Eurostat nrg_bal_c, nrg_bal=INTAVI, siec=O4661XR5230B (kerosene-type jet fuel, excl. biofuel), unit=KTOE"
XK,2023,2.37,"Eurostat nrg_bal_c, nrg_bal=INTAVI, siec=O4661XR5230B (kerosene-type jet fuel, excl. biofuel), unit=KTOE"
XK,2024,6.746,"Eurostat nrg_bal_c, nrg_bal=INTAVI, siec=O4661XR5230B (kerosene-type jet fuel, excl. biofuel), unit=KTOE"
