iso,YEAR,CO2_t,flights,months_obs,ets_covered,co2_per_flight,ln_co2,ln_flights,ln_intensity,post2012,did,year_x,gdp_pc,air_psgr,air_freight,tourism,ets_eur
AL,2010,102262.041,10468,12,0,9.76901423385556,11.535293827363036,9.256078263650036,2.279215563712999,0,0,,,,,,14.0
AL,2011,112782.009,11471,12,0,9.831924766803244,11.633212110644616,9.347577390281268,2.2856347203633476,0,0,,,,,,13.0
AL,2012,96672.676,10264,12,0,9.418616134060796,11.479086076879593,9.236397906295473,2.2426881705841204,1,0,,,,,,7.0
AL,2013,95965.688,9956,12,0,9.638980313378866,11.471745989894746,9.205930663487482,2.2658153264072634,1,0,,,,,,4.5
AL,2014,95293.50899999999,9024,12,0,10.560007646276595,11.464716976094916,9.10764297373784,2.357074002357076,1,0,,,,,,6.0
AL,2015,101325.808,10438,12,0,9.707396819314045,11.52609642580471,9.25320827220336,2.2728881536013508,1,0,,,,,,7.7
AL,2016,112665.895,11152,12,0,10.102752421090388,11.632182036661165,9.319374133000306,2.3128079036608598,1,0,,,,,,5.4
AL,2017,128396.599,12274,12,0,10.46086027374939,11.762879182348255,9.415238482949043,2.347640699399214,1,0,,,,,,5.8
AL,2018,143871.259,12744,12,0,11.289332940991839,11.876674143948513,9.452815851589884,2.423858292358629,1,0,,,,,,15.5
AL,2019,165718.703,14251,12,0,11.628566626903377,12.018047069706451,9.564582358673212,2.453464711033239,1,0,,,,,,24.9
AL,2020,82288.131,7639,12,0,10.772107736614739,11.317982159983098,8.94102198354136,2.376960176441738,1,0,,,,,,24.8
AL,2021,166500.76679999998,13161,12,0,12.651072623660815,12.022755193797437,9.485013189834323,2.5377420039631122,1,0,,,,,,53.6
AL,2022,265728.3055,19530,12,0,13.606160035842295,12.490229657876581,9.879707023870724,2.610522634005856,1,0,,,,,,81.0
AL,2023,329391.3952,25517,12,0,12.908703813144179,12.705001973737238,10.147100175689678,2.5579017980475593,1,0,,,,,,83.0
AL,2024,476004.81882,34296,12,0,13.879310089223234,13.073183256733742,10.442784008277814,2.6303992484559298,1,0,,,,,,65.0
AL,2025,479872.11434,35057,12,0,13.688339399834554,13.081274918927374,10.464730587215707,2.6165443317116663,1,0,,,,,,74.0
AM,2010,210809.18,10326,12,0,20.415376718961845,12.258708643088237,9.242420265439595,3.0162883776486433,0,0,,,,,,14.0
AM,2011,213070.818,10470,12,0,20.350603438395414,12.269379868305949,9.256269303864583,3.0131105644413663,0,0,,,,,,13.0
AM,2012,221697.543,10749,12,0,20.62494585542841,12.309069312999013,9.282568005973063,3.026501307025949,1,0,,,,,,7.0
AM,2013,189715.83299999998,9290,12,0,20.421510548977395,12.153282615803437,9.136693831807884,3.016588783995554,1,0,,,,,,4.5
AM,2014,215092.44,10750,12,0,20.008599069767442,12.278823168194656,9.28266103355581,2.996162134638847,1,0,,,,,,6.0
AM,2015,187470.847,9462,12,0,19.813025470302264,12.141378629637254,9.155039056191093,2.98633957344616,1,0,,,,,,7.7
AM,2016,189414.863,9442,12,0,20.0608836051684,12.151694930784009,9.152923101106232,2.9987718296777777,1,0,,,,,,5.4
AM,2017,228158.248,11215,12,0,20.344025679893,12.337794737356706,9.32500744695431,3.012787290402398,1,0,,,,,,5.8
AM,2018,242468.631,12204,12,0,19.867963864306784,12.398627624291345,9.40951904583656,2.989108578454784,1,0,,,,,,15.5
AM,2019,261487.75699999998,13700,12,0,19.086697591240874,12.474142743035461,9.525151111816216,2.9489916312192443,1,0,,,,,,24.9
AM,2020,111700.522,5374,12,0,20.785359508745813,11.623576658278244,8.589327789175437,3.034248869102807,1,0,,,,,,24.8
AM,2021,223991.4634,10680,12,0,20.972983464419478,12.319363220289551,9.276128112514186,3.0432351077753648,1,0,,,,,,53.6
AM,2022,357732.004,17706,12,0,20.2039988704394,12.787539392869029,9.781658844170995,3.005880548698034,1,0,,,,,,81.0
AM,2023,476314.4159,22119,12,0,21.53417495818075,13.073833452759654,10.00419224665776,3.0696412061018936,1,0,,,,,,83.0
AM,2024,438285.57078,19830,12,0,22.102146786686838,12.990625964988885,9.89495122151384,3.0956747434750427,1,0,,,,,,65.0
AM,2025,478488.67532,21379,12,0,22.38124679919547,13.078387822552235,9.970164410800407,3.108223411751827,1,0,,,,,,74.0
AT,2010,2227096.672,192356,12,1,11.577994302231279,14.616209354367857,12.167103100831454,2.4491062535364017,0,0,2010.0,46611.1393420232,13493793.0,357.885,22004000.0,14.0
AT,2011,2312257.052,188389,12,1,12.273843228638615,14.653734684255083,12.146264253007958,2.5074704312471248,0,0,2011.0,51116.8953522042,14088251.6640568,383.371,23012000.0,13.0
AT,2012,2241121.279,182597,12,1,12.273593098462735,14.622486869569505,12.115036817654262,2.5074500519152423,1,1,2012.0,48250.4059142637,14518841.0529716,322.104,24151000.0,7.0
AT,2013,2182547.489,174126,12,1,12.534299811630659,14.596003325451152,12.067534454066333,2.5284688713848187,1,1,2013.0,50305.3545774973,15037454.0,326.399,24813000.0,4.5
AT,2014,2316483.753,173826,12,1,13.32645146871009,14.655560970216143,12.065810077863082,2.5897508923530617,1,1,2014.0,51314.9722616322,15210489.0,369.955,25291000.0,6.0
AT,2015,2397754.587,171063,12,1,14.016792567650514,14.690043268631847,12.049787188687057,2.640256079944789,1,1,2015.0,43915.228020857,14718641.0,351.379,26728000.0,7.7
AT,2016,2451896.534,168808,12,1,14.524765022984692,14.712372378573713,12.036517253385894,2.675855125187821,1,1,2016.0,45061.4993920192,14724774.0,387.739,28121000.0,5.4
AT,2017,2476655.767,169952,12,1,14.572677973780833,14.722419727074021,12.043271323222125,2.679148403851896,1,1,2017.0,47163.7425775142,16171640.0,391.268,29460000.0,5.8
AT,2018,2742047.691,177776,12,1,15.424172503600037,14.824215531732138,12.08827960982379,2.735935921908348,1,1,2018.0,51194.0749841299,12935505.0,373.511,30816000.0,15.5
AT,2019,3114972.593,190007,12,1,16.39398860568295,14.95173091177012,12.154816192569232,2.7969147192008883,1,1,2019.0,49885.9947355204,46476602.0,320.036527,31884000.0,24.9
AT,2020,1075664.707,82773,12,1,12.99535726625832,13.888449360548401,11.323857200238917,2.5645921603094846,1,1,2020.0,48716.4098900349,13285414.0,74.560823,15091000.0,24.8
AT,2021,1265445.4181,94450,12,1,13.398045718369506,14.050934727337832,11.455825872929656,2.5951088544081764,1,1,2021.0,53648.6437976214,18901048.0,125.155714,,53.6
AT,2022,2153845.11245,144548,12,1,14.90055284369206,14.582765227172468,11.881366911305882,2.7013983158665855,1,1,2022.0,52336.7725223758,40099423.0,205.311831,,81.0
AT,2023,2568628.77945,159976,12,1,16.056338322310847,14.758882765631425,11.98277908296484,2.7761036826665855,1,1,2023.0,56579.504175468,46040215.0,207.835176,,83.0
AT,2024,2798294.35414,166089,12,1,16.84816185382536,14.844520630296849,12.020279068242841,2.8242415620540084,1,1,2024.0,58268.8787651601,,,,65.0
AT,2025,3043969.56564,169909,12,1,17.91529327840197,14.928672999766556,12.043018278593708,2.8856547211728496,1,1,,,,,,74.0
BA,2010,43418.049,6901,12,0,6.291559049413128,10.678630509212255,8.839421607620602,1.839208901591652,0,0,,,,,,14.0
BA,2011,38847.29,6225,12,0,6.240528514056225,10.567393597893012,8.736328721332908,1.8310648765601039,0,0,,,,,,13.0
BA,2012,36310.829,5784,12,0,6.277805843706777,10.49987129532374,8.6628507638386,1.837020531485138,1,0,,,,,,7.0
BA,2013,44523.611,6175,12,0,7.210301376518218,10.70377491171393,8.728264161496178,1.975510750217753,1,0,,,,,,4.5
BA,2014,52852.594,7189,12,0,7.3518700792878,10.875262072402307,8.880307358983872,1.994954713418435,1,0,,,,,,6.0
BA,2015,66523.64199999999,7149,12,0,9.30530731570849,11.105312682259104,8.874727765766853,2.230584916492253,1,0,,,,,,7.7
BA,2016,78061.121,7210,12,0,10.826785159500693,11.265247401379634,8.883224230278994,2.382023171100639,1,0,,,,,,5.4
BA,2017,95963.677,8476,12,0,11.321811821613968,11.471725034268701,9.04499391938819,2.4267311148805106,1,0,,,,,,5.8
BA,2018,107018.576,8898,12,0,12.027261856596988,11.580757705852644,9.093581811365986,2.4871758944866578,1,0,,,,,,15.5
BA,2019,118823.819,9695,12,0,12.25619587416194,11.685397162446915,9.179365567676752,2.506031594770162,1,0,,,,,,24.9
BA,2020,41392.23,4310,12,0,9.6037656612529,10.630848461039673,8.368693183097793,2.262155277941879,1,0,,,,,,24.8
BA,2021,94508.23515,7729,12,0,12.227744229525165,11.456442254129422,8.952734767106872,2.503707487022551,1,0,,,,,,53.6
BA,2022,134164.2126,10922,12,0,12.283850265519135,11.806819795825236,9.298534382712099,2.5082854131131365,1,0,,,,,,81.0
BA,2023,132878.66825,10819,12,0,12.281973218412052,11.797191722036473,9.289059126687574,2.508132595348899,1,0,,,,,,83.0
BA,2024,138989.7018,11327,12,0,12.270654348018011,11.84215512159841,9.334944535200714,2.507210586397697,1,0,,,,,,65.0
BA,2025,163024.49634,13515,12,0,12.062485855715872,12.001655752791825,9.511555458710548,2.4901002940812766,1,0,,,,,,74.0
BE,2010,4060758.267,158071,12,1,25.68945769306198,15.21688027941039,11.970799578162557,3.2460807012478314,0,0,2010.0,44197.393671162,7528586.30424955,1067.351,7186000.0,14.0
BE,2011,4213767.172,164849,12,1,25.561375392025433,15.253867620752006,12.012785182360762,3.2410824383912438,0,0,2011.0,47760.8298776546,8638553.1,1241.293,7494000.0,13.0
BE,2012,3876109.65,159128,12,1,24.3584388039817,15.170342541066338,11.977464188784896,3.1928783522814417,1,1,2012.0,44874.1709182123,9508165.31494536,1369.89982037629,7560000.0,7.0
BE,2013,3650648.388,155655,12,1,23.453460460634094,15.110415350330406,11.955397298707489,3.155018051622917,1,1,2013.0,46964.5946777056,9521421.0,1560.81076,7684000.0,4.5
BE,2014,3858340.733,161666,12,1,23.86612356958173,15.165747787106795,11.993287757531668,3.172460029575128,1,1,2014.0,47995.7786961339,10535219.0,1596.3044,7887000.0,6.0
BE,2015,4087530.4359999998,168841,12,1,24.209347468920463,15.223451540276132,12.036712722646012,3.1867388176301192,1,1,2015.0,40893.804537772,11473055.0,1479.9763156,8355000.0,7.7
BE,2016,3954393.563,163097,12,1,24.245654812780124,15.190337813166561,12.002100394816397,3.188237418350165,1,1,2016.0,41854.5498296444,12545322.0,1505.4059084,7481000.0,5.4
BE,2017,4373100.711,169551,12,1,25.79224369658687,15.290982860315095,12.040909045501595,3.2500738148135007,1,1,2017.0,44035.3239358548,13676844.0,1574.378609,8385000.0,5.8
BE,2018,4750847.652,171471,12,1,27.706420630893852,15.373833613142603,12.052169435079843,3.3216641780627603,1,1,2018.0,47487.2100392561,13639487.0,1285.344187,9119000.0,15.5
BE,2019,4879818.683,170898,12,1,28.553983563295066,15.400618622016111,12.048822166285058,3.3517964557310522,1,1,2019.0,46716.6227467964,14279187.0,1353.426977272,9343000.0,24.9
BE,2020,3411821.045,84016,12,1,40.60918212007237,15.04275673750779,11.33876253587764,3.703994201630151,1,1,2020.0,45906.2875805246,3520849.848,1265.065943534,2584000.0,24.8
BE,2021,4297174.1406,105429,12,1,40.75893862789175,15.27346818802394,11.565793019559685,3.7076751684642564,1,1,2021.0,51658.238294958,5404284.479,1827.413026121,,53.6
BE,2022,4950612.734,145005,12,1,34.14097951105134,15.415021911530651,11.884523503566815,3.530498407963835,1,1,2022.0,50639.0264882739,10165432.504,1687.38336494,,81.0
BE,2023,4983700.109300001,150565,12,1,33.09999076345765,15.421683166952903,11.922150163619541,3.4995330033333603,1,1,2023.0,55244.68145811,11390665.4189623,1831.4766060564,,83.0
BE,2024,5489842.79232,157563,12,1,34.84220783001085,15.518410177797028,11.967580657269151,3.5508295205278757,1,1,2024.0,56581.9375642531,,,,65.0
BE,2025,6141762.52626,163922,12,1,37.46759145361818,15.630622315324658,12.007145983912043,3.623476331412615,1,1,,,,,,74.0
BG,2010,590879.197,37088,12,1,15.931816139991373,13.289366871095485,10.521048746139478,2.7683181249560076,0,0,2010.0,6854.2987837778,801840.0,2.13518,8374000.0,14.0
BG,2011,584931.152,38431,12,1,15.220294866123702,13.279249430399224,10.556619704557837,2.7226297258413865,0,0,2011.0,7849.98219737366,932868.0,2.29862,8713000.0,13.0
BG,2012,547436.898,36532,12,1,14.985133526771051,13.213002479235929,10.50594386781157,2.7070586114243587,1,1,2012.0,7432.33753378983,973062.0,1.93406,8867000.0,7.0
BG,2013,546779.496,35346,12,1,15.4693457817009,13.21180088495768,10.472940510749742,2.7388603742079374,1,1,2013.0,7796.37945241455,1013220.0,1.731,9192000.0,4.5
BG,2014,587079.059,37805,12,1,15.52913791826478,13.282914772875857,10.54019664799237,2.7427181248834867,1,1,2014.0,8070.01289303544,1060147.0,1.722,9409000.0,6.0
BG,2015,600602.558,38523,12,1,15.590752485528125,13.305688693596556,10.559010744499384,2.7466779490971724,1,1,2015.0,7269.02586513711,1063498.0,1.53095,9317000.0,7.7
BG,2016,729205.763,44538,12,1,16.372665207238764,13.499711224936984,10.704098036345602,2.795613188591382,1,1,2016.0,7822.89886431732,1092333.0,1.76924764650873,10604000.0,5.4
BG,2017,798015.757,49116,12,1,16.247572216792896,13.589883621851039,10.801940126280403,2.7879434955706355,1,1,2017.0,8697.13373333715,1133069.0,1.71896,11596000.0,5.8
BG,2018,843301.575,52100,12,1,16.18621065259117,13.645079913223743,10.860920227741458,2.784159685482284,1,1,2018.0,9849.88769989118,1022645.0,1.375,12368000.0,15.5
BG,2019,799939.346,49294,12,1,16.22792522416521,13.592291186275773,10.80555764877031,2.7867335375054614,1,1,2019.0,10354.2500414088,832828.0,1.257,12552000.0,24.9
BG,2020,426081.082,24209,12,1,17.600110785245157,12.96238494047375,10.094479743833253,2.867905196640497,1,1,2020.0,10760.7616180234,443067.0,1.022,4973000.0,24.8
BG,2021,514942.12799999997,29922,12,1,17.209482253860035,13.151809800516041,10.306349274774178,2.845460525741864,1,1,2021.0,12966.8085197381,41126.0,0.058087,,53.6
BG,2022,663604.82385,40385,12,1,16.43196295282902,13.405442106485388,10.606213707876396,2.799228398608991,1,1,2022.0,13999.9113358453,643765.0,0.86071,,81.0
BG,2023,715319.9786,45274,12,1,15.79979632018377,13.480485244085292,10.720488195263071,2.7599970488222203,1,1,2023.0,15854.0192893772,723825.0,0.626,,83.0
BG,2024,746916.11958,46977,12,1,15.89961299316687,13.523708168091117,10.757413399213553,2.766294768877564,1,1,2024.0,17596.9167621233,,,,65.0
BG,2025,741799.9275999999,50247,12,1,14.763068991183552,13.516834846437192,10.82470612264658,2.6921287237906113,1,1,,,,,,74.0
CH,2010,4383852.357,239260,12,1,18.322546004346734,15.293438429351276,12.385306105724895,2.908132323626381,0,0,,,,,,14.0
CH,2011,4711693.106,253779,12,1,18.566126850527425,15.365557871886887,12.444219088522305,2.921338783364581,0,0,,,,,,13.0
CH,2012,4740374.126,254099,12,1,18.65561897528129,15.371626620092352,12.44547923384203,2.926147386250322,1,1,,,,,,7.0
CH,2013,4744707.816,247464,12,1,19.173325477645232,15.37254041089101,12.41902039586589,2.953520015025121,1,1,,,,,,4.5
CH,2014,4887257.814,249690,12,1,19.573302150666827,15.40214192992525,12.427975427408251,2.9741665025169985,1,1,,,,,,6.0
CH,2015,4992159.716,250919,12,1,19.895502994990416,15.423379182910617,12.432885456868767,2.9904937260418496,1,1,,,,,,7.7
CH,2016,5321774.447,253856,12,1,20.96375286382831,15.48731734837401,12.44452245610173,3.0427948922722803,1,1,,,,,,5.4
CH,2017,5479235.896,254116,12,1,21.56194767743865,15.516476214165733,12.44554613466159,3.070930079504143,1,1,,,,,,5.8
CH,2018,5722354.062,255616,12,1,22.386525342701553,15.559890827993494,12.451431597335432,3.108459230658062,1,1,,,,,,15.5
CH,2019,5823362.078,251219,12,1,23.180420581245844,15.577388329549008,12.434080347658526,3.143307981890482,1,1,,,,,,24.9
CH,2020,2267072.916,115097,12,1,19.69706348558173,14.634000093065929,11.653530530078374,2.980469562987554,1,1,,,,,,24.8
CH,2021,2506345.93095,135677,12,1,18.472887305512355,14.734336445992762,11.818032339932225,2.916304106060537,1,1,,,,,,53.6
CH,2022,4336433.51045,214440,12,1,20.2221297819903,15.282562796451343,12.275785257941473,3.006777538509868,1,1,,,,,,81.0
CH,2023,5188584.35465,233221,12,1,22.247500673824398,15.461971453898586,12.35974178086206,3.1022296730365255,1,1,,,,,,83.0
CH,2024,5653589.54074,245151,12,1,23.06166216225918,15.547801218339382,12.409629626206282,3.1381715921330993,1,1,,,,,,65.0
CH,2025,5847950.30054,250775,12,1,23.319510718931312,15.581601781835968,12.432311401751686,3.149290380084281,1,1,,,,,,74.0
CY,2010,937876.946,31476,12,1,29.796573452789428,13.751374031749249,10.356980629654874,3.394393402094375,0,0,2010.0,31105.02734375,1583627.0,36.2141,2450000.0,14.0
CY,2011,975860.805,32473,12,1,30.0514521294614,13.791075237396472,10.388164253807057,3.4029109835894142,0,0,2011.0,32485.8046875,1263117.0,16.9749,2626000.0,13.0
CY,2012,911257.083,31399,12,1,29.021850472944998,13.722580335114303,10.354531324255456,3.368049010858847,1,1,2012.0,28991.9296875,1285976.0,9.1093,2635000.0,7.0
CY,2013,851011.122,28248,12,1,30.126420348343245,13.654180476800308,10.248777937608223,3.4054025391920857,1,1,2013.0,27764.7265625,1211208.0,11.592996,2626000.0,4.5
CY,2014,848209.018,29588,12,1,28.66733195890226,13.65088236789254,10.295124152707759,3.355758215184783,1,1,2014.0,26993.095703125,688368.0,6.588588,2558000.0,6.0
CY,2015,814352.508,30122,12,1,27.035140694508996,13.610148607753827,10.313011080771794,3.2971375269820316,1,1,2015.0,23088.4296875,23405.0,0.23060058,2780000.0,7.7
CY,2016,933992.423,36542,12,1,25.559422664331453,13.747223604758373,10.50621756297161,3.241006041786763,1,1,2016.0,24280.044921875,224653.0,0.285895446767606,3286000.0,5.4
CY,2017,1051858.217,40754,12,1,25.80993809196643,13.866068888482035,10.615309273360882,3.2507596151211535,1,1,2017.0,26247.46484375,711554.0,0.34031950189,3750000.0,5.8
CY,2018,1073508.011,42407,12,1,25.314405899969344,13.88644235877895,10.655068721933102,3.2313736368458494,1,1,2018.0,29120.38671875,401408.0,0.021,4024000.0,15.5
CY,2019,1051496.169,41361,12,1,25.422406832523393,13.865724630751636,10.63009368683974,3.2356309439118967,1,1,2019.0,29227.16796875,395436.0,0.14,4117000.0,24.9
CY,2020,404325.11,17263,12,1,23.421485836760702,12.909974561046312,9.756320761816548,3.153653799229762,1,1,2020.0,28130.330078125,104559.0,0.328962,,24.8
CY,2021,623590.6947,27231,12,1,22.900029183650986,13.343249494149358,10.212111309194738,3.1311381849546214,1,1,2021.0,32937.8359375,103016.0,0.105655573,,53.6
CY,2022,836106.3965,37375,12,1,22.37073970568562,13.636511152509556,10.528757310692988,3.1077538418165673,1,1,2022.0,33231.05078125,440203.0,0.166,,81.0
CY,2023,1005829.3181,44848,12,1,22.42751779566536,13.821322951330771,10.71103427340457,3.1102886779262007,1,1,2023.0,36623.70703125,724062.0,0.369485,,83.0
CY,2024,1083800.9822,49708,12,1,21.80335121509616,13.895984848369507,10.813921164925885,3.082063683443622,1,1,2024.0,38674.3125,,,,65.0
CY,2025,1117846.38792,51690,12,1,21.62596997330238,13.926914524258864,10.853019618190086,3.0738949060687784,1,1,,,,,,74.0
CZ,2010,1033784.839,88894,12,1,11.629410747632011,13.848737226324099,11.395199927660784,2.4535372986633166,0,0,2010.0,20160.4355077059,5145187.0,17.987,21941000.0,14.0
CZ,2011,1089333.126,86613,12,1,12.577016452495583,13.901076255963424,11.369205198757767,2.5318710572056577,0,0,2011.0,22049.1080788682,4902816.0,16.721,22810000.0,13.0
CZ,2012,994601.861,76800,12,1,12.950545065104167,13.810097796364985,11.248959919135764,2.5611378772292226,1,1,2012.0,20014.0354015165,3594882.0,11.102,25750000.0,7.0
CZ,2013,942697.246,74068,12,1,12.72745647243074,13.756500455983984,11.212738869157706,2.5437615868262777,1,1,2013.0,20260.4954999375,5186676.0,19.929,26332000.0,4.5
CZ,2014,953973.382,72950,12,1,13.0770854283756,13.768391048573665,11.197529553950933,2.5708614946227333,1,1,2014.0,20038.4163180257,5009995.0,30.81553,27166000.0,6.0
CZ,2015,967116.414,75110,12,1,12.876000718945546,13.782074153952712,11.226708984680057,2.5553651692726542,1,1,2015.0,17931.5987670768,3378028.0,26.71765,29604000.0,7.7
CZ,2016,1078215.049,79496,12,1,13.56313586847137,13.890817499424095,11.283461984911199,2.6073555145128964,1,1,2016.0,18753.9686718096,4048658.0,25.294469,32519000.0,5.4
CZ,2017,1236660.3969999999,86831,12,1,14.242153113519365,14.027925076091336,11.371718979745255,2.656206096346081,1,1,2017.0,20913.197632212,5450671.0,27.81465,34701000.0,5.8
CZ,2018,1381671.642,90679,12,1,15.23695278951025,14.138804658841957,11.415081076770628,2.7237235820713295,1,1,2018.0,23705.9329811299,8851291.0,25.22637,36268000.0,15.5
CZ,2019,1439471.65,88901,12,1,16.191849922948,14.17978669450212,11.395278670032656,2.784508024469463,1,1,2019.0,24062.7190013343,5446163.2,22.73254,37202000.0,24.9
CZ,2020,414374.661,35650,12,1,11.623412650771389,12.934525821822382,10.481504425842441,2.45302139597994,1,1,2020.0,23472.8915454417,929888.181,4.323665454,,24.8
CZ,2021,503860.97955,42215,12,1,11.935591129930119,13.130055674778058,10.650530887103601,2.4795247876744577,1,1,2021.0,27696.4619527544,1418032.0,0.47308,,53.6
CZ,2022,831856.55805,62263,12,1,13.360367442140596,13.631415298749786,11.039122627865256,2.592292670884531,1,1,2022.0,28282.2236715857,2176800.0,0.08832,,81.0
CZ,2023,1045478.8938,71332,12,1,14.656520128413614,13.859985609985646,11.175100313572404,2.684885296413242,1,1,2023.0,31761.5944102491,2175763.454,0.040745454,,83.0
CZ,2024,1267002.91592,81045,12,1,15.633326126472948,14.052164760737092,11.302759834946276,2.749404925790816,1,1,2024.0,31827.7552539413,,,,65.0
CZ,2025,1431966.8464,86687,12,1,16.518818812509373,14.17455947427941,11.370059209196285,2.8045002650831248,1,1,,,,,,74.0
DE,2010,27910474.604,1149354,12,1,24.28361897552886,17.14451261016907,13.954710603374462,3.189802006794609,0,0,2010.0,42396.9665976293,97330734.2807591,7487.48100076523,26875000.0,14.0
DE,2011,29093266.86,1176057,12,1,24.73797346557182,17.18601732598794,13.977677875653862,3.208339450334077,0,0,2011.0,47630.9761883572,107042775.791182,7716.76190298526,28374000.0,13.0
DE,2012,28252769.673,1139857,12,1,24.786240443318768,17.156702052273094,13.946413373906108,3.2102886783669837,1,1,2012.0,44718.0159214069,105978474.526384,7236.98063027006,30411000.0,7.0
DE,2013,27464773.895,1099646,12,1,24.97601400359752,17.128414792247273,13.910498867792198,3.217915924455075,1,1,2013.0,47206.8353514242,109062321.51578,7335.69940204315,31545000.0,4.5
DE,2014,28011560.63,1107285,12,1,25.297516565292582,17.148127862570988,13.917421631130072,3.2307062314409167,1,1,2014.0,48959.5991203133,112353098.59355,7184.14620802563,32999000.0,6.0
DE,2015,28443620.59,1122401,12,1,25.341763407195824,17.16343446105535,13.93098069871796,3.2324537623373906,1,1,2015.0,41929.7549110722,117222850.0,6986.405444999,34970000.0,7.7
DE,2016,29342428.398000002,1139140,12,1,25.758404057446846,17.194545094738732,13.945784149713486,3.248760945025247,1,1,2016.0,42948.9381932694,116713587.0,6942.706331998,35555000.0,5.4
DE,2017,29936948.732,1158609,12,1,25.838698587703014,17.21460401900345,13.962730705610348,3.2518733133931,1,1,2017.0,45553.9341495339,114160685.0,7901.65234423,37452000.0,5.8
DE,2018,30677946.295,1205055,12,1,25.457714622984014,17.239054592685623,14.002035767018802,3.237018825666819,1,1,2018.0,48916.1686612154,109796202.17431,7969.86364,38881000.0,15.5
DE,2019,31089433.908,1198179,12,1,25.947236521421257,17.252378573699335,13.99631346218894,3.256065111510396,1,1,2019.0,47656.199739747,109633750.727,7763.61921423928,39563000.0,24.9
DE,2020,14740161.720999999,553873,12,1,26.612890899177245,16.506086416239224,13.224690697572228,3.281395718666997,1,1,2020.0,47394.8734504469,25758450.0,9166.3712826,12449000.0,24.8
DE,2021,16876115.5073,621172,12,1,27.16818450815555,16.641409896674382,13.339363295190578,3.3020466014838035,1,1,2021.0,52349.2459994422,33073180.0,11533.04853603,,53.6
DE,2022,24287554.0781,902063,12,1,26.924454365271604,17.005474599246927,13.712439641395084,3.2930349578518445,1,1,2022.0,50506.5179638543,69045135.0,12857.217948,,81.0
DE,2023,26761470.7763,954670,12,1,28.032168996930874,17.1024737534591,13.769121010008579,3.3333527434505226,1,1,2023.0,54776.7668235491,80199572.0,12766.528681,,83.0
DE,2024,27803471.47966,986641,12,1,28.17992712613808,17.1406714442339,13.802061523780262,3.3386099204536377,1,1,2024.0,56103.7323182554,,,,65.0
DE,2025,28485840.20702,1012588,12,1,28.131718139085194,17.16491768693415,13.828019987766313,3.3368976991678383,1,1,,,,,,74.0
DK,2010,2456460.537,177390,12,1,13.84779602570607,14.714232065735564,12.086105977482985,2.628126088252579,0,0,2010.0,58104.5445594981,,,26730000.0,14.0
DK,2011,2517302.328,183156,12,1,13.744034200353799,14.738698381326225,12.118093527703122,2.620604853623102,0,0,2011.0,61809.737898222,,,25811000.0,13.0
DK,2012,2524376.35,171303,12,1,14.73632306497843,14.74150460008551,12.05118919729371,2.6903154027918004,1,1,2012.0,58443.7747103968,,,26402000.0,7.0
DK,2013,2583795.239,177076,12,1,14.59144796019788,14.764769898871762,12.084334297930457,2.680435600941304,1,1,2013.0,61377.5940590412,,,26516000.0,4.5
DK,2014,2702518.403,177259,12,1,15.24615620645496,14.809694638093037,12.085367218845809,2.7243274192472273,1,1,2014.0,62520.4509747011,,,28070000.0,6.0
DK,2015,2736850.477,179420,12,1,15.25387625125404,14.822318356278428,12.097484705113274,2.724833651165154,1,1,2015.0,53094.0133607574,,,28209000.0,7.7
DK,2016,2950054.046,187548,12,1,15.729594802397253,14.897334048826147,12.141790091630194,2.755543957195953,1,1,2016.0,54500.9260410217,,,28692000.0,5.4
DK,2017,2914992.015,185822,12,1,15.687012382817967,14.885377638483389,12.13254450524146,2.752833133241929,1,1,2017.0,57521.5514992225,,,30736000.0,5.8
DK,2018,3064795.295,188857,12,1,16.2281265454815,14.935491337193813,12.148745393908516,2.786745943285297,1,1,2018.0,61324.7665045565,,,30801000.0,15.5
DK,2019,3100760.339,188078,12,1,16.48656588755729,14.94715791002661,12.14461204938455,2.8025458606420592,1,1,2019.0,59404.2663247723,,,33093000.0,24.9
DK,2020,1108818.778,81005,12,1,13.688275760755507,13.918805842700058,11.30226616014452,2.61653968255554,1,1,2020.0,60985.4885601514,,,15595000.0,24.8
DK,2021,1363031.1391,90517,12,1,15.058288930256195,14.125221556419172,11.413292957351166,2.711928599068006,1,1,2021.0,69340.7334922138,,,,53.6
DK,2022,2270107.76695,154464,12,1,14.696678623821732,14.635337862758023,11.94771633846022,2.687621524297804,1,1,2022.0,67781.0940939514,,,,81.0
DK,2023,2556257.6578,167595,12,1,15.252589025925595,14.754054894485144,12.029305633649548,2.7247492608355954,1,1,2023.0,68043.5466971243,,,,83.0
DK,2024,2867949.45438,172443,12,1,16.631289494963553,14.869107856550528,12.05782202606534,2.811285830485187,1,1,2024.0,71026.4832271897,,,,65.0
DK,2025,3111738.32212,176464,12,1,17.633842155453806,14.950692074022568,12.080872168545929,2.8698199054766396,1,1,,,,,,74.0
EE,2017,155601.13,18595,9,1,8.36790158644797,11.955051152910855,9.830648006359171,2.124403146551685,1,1,2017.0,20851.5223496861,13103.0,,6145000.0,5.8
EE,2018,213064.83,25734,12,1,8.279506878060154,12.26935176457875,10.155568353744936,2.113783410833815,1,1,2018.0,23618.1361254581,62802.0,0.0,6033000.0,15.5
EE,2019,210027.185,25001,12,1,8.400751369945201,12.254992253702321,10.12667110305036,2.1283211506519626,1,1,2019.0,24021.2501413306,857.0,0.0,6103000.0,24.9
EE,2020,84706.77,12015,12,1,7.050084893882647,11.346950806607728,9.39391114817057,1.9530396584371585,1,1,2020.0,23933.9939421065,,,1695000.0,24.8
EE,2021,147359.39145,14101,12,1,10.450279515637188,11.900629721798197,9.55400099583723,2.346628725960966,1,1,2021.0,27951.1659277744,,,,53.6
EE,2022,197140.04565,20398,12,1,9.66467524512207,12.19166964678073,9.923192135810464,2.2684775109702664,1,1,2022.0,28340.3826549406,,,,81.0
EE,2023,188218.40110000002,20085,12,1,9.37109291013194,12.145358275530242,9.907728546793383,2.2376297287368585,1,1,2023.0,30264.0064885057,,,,83.0
EE,2024,208991.61186,21852,12,1,9.563958075233389,12.250049395500383,9.992047729515608,2.2580016659847755,1,1,2024.0,31428.3547816104,,,,65.0
EE,2025,218107.61865999998,22248,12,1,9.803470813556274,12.292743883537431,10.010007395913801,2.2827364876236302,1,1,,,,,,74.0
EL,2010,3158160.602,225386,12,1,14.012230582201202,14.965500328109435,12.325569766857553,2.6399305612518824,0,0,,,,,,14.0
EL,2011,3188671.312,215362,12,1,14.80610001764471,14.975114871379468,12.280075612171009,2.695039259208458,0,0,,,,,,13.0
EL,2012,2800071.6799999997,200035,12,1,13.997908765965954,14.845155574817758,12.20624763021946,2.638907944598298,1,1,,,,,,7.0
EL,2013,2847160.033,197388,12,1,14.424179955215108,14.861832575779793,12.192926613860159,2.6689059619196343,1,1,,,,,,4.5
EL,2014,3235885.691,218167,12,1,14.832150100611,14.98981323237097,12.293016103546696,2.696797128824274,1,1,,,,,,6.0
EL,2015,3328575.859,231869,12,1,14.355415596737814,15.018055100509773,12.353927835998265,2.6641272645115075,1,1,,,,,,7.7
EL,2016,3571061.77,245063,12,1,14.572015236898267,15.088373524102703,12.40927059932845,2.6791029247742544,1,1,,,,,,5.4
EL,2017,3941553.0,260382,12,1,15.13757863446782,15.18708536604906,12.469905062503384,2.7171803035456734,1,1,,,,,,5.8
EL,2018,4388453.964,284257,12,1,15.438332086808767,15.29448755081459,12.557634037518886,2.736853513295706,1,1,,,,,,15.5
EL,2019,4430024.401,286473,12,1,15.464020696540336,15.30391565013256,12.565399569858288,2.7385160802742714,1,1,,,,,,24.9
EL,2020,1577288.234,133773,12,1,11.790781652500877,14.271217622864912,11.803899612591199,2.467318010273712,1,1,,,,,,24.8
EL,2021,2916142.3951,211085,12,1,13.815014781249259,14.885772203257247,12.2600161749404,2.6257560283168457,1,1,,,,,,53.6
EL,2022,4348100.84995,285783,12,1,15.214693840956249,15.285249721514965,12.562988060553417,2.7222616609615478,1,1,,,,,,81.0
EL,2023,4631250.4061,308838,12,1,14.99572722948601,15.34833745571344,12.640572146556686,2.7077653091567537,1,1,,,,,,83.0
EL,2024,5110166.81912,332012,12,1,15.3915124125634,15.446742607267383,12.71292639182374,2.7338162154436434,1,1,,,,,,65.0
EL,2025,5369558.33636,344993,12,1,15.564253003278328,15.496256216614723,12.751279405952582,2.7449768106621413,1,1,,,,,,74.0
ES,2010,16873651.167,954691,12,1,17.674463430575965,16.641263860683782,13.769143006896545,2.8721208537872385,0,0,2010.0,30658.7422282912,52847712.6083233,1235.86488460144,93744000.0,14.0
ES,2011,18001418.444,973353,12,1,18.494234305539717,16.705961115200132,13.78850209085168,2.917459024348455,0,0,2011.0,31824.6219134777,52736140.9250126,1313.29316795807,99187000.0,13.0
ES,2012,16501495.804,874937,12,1,18.860210282568914,16.61896158954979,13.681907162747628,2.9370544268021637,1,1,2012.0,28456.4438151477,48089178.327112,1131.85052008716,98128000.0,7.0
ES,2013,16145538.682,815064,12,1,19.808921363230372,16.597154326870307,13.61102191674723,2.9861324101230746,1,1,2013.0,29228.846559842,48056735.818,957.997754181,103231000.0,4.5
ES,2014,16756800.986,855219,12,1,19.593578938260258,16.6343147628428,13.659112855471435,2.975201907371365,1,1,2014.0,29707.765509467,53069339.0,962.636446,107144000.0,6.0
ES,2015,17172874.265,880593,12,1,19.50148850263402,16.65884161927146,13.6883508231466,2.9704907961248614,1,1,2015.0,25982.4416197775,60564041.0,1035.487113,109834000.0,7.7
ES,2016,19082929.614,945322,12,1,20.186697880722125,16.764304755908476,13.759280889177678,3.005023866730799,1,1,2016.0,26755.6061149398,66674868.0,1068.160640636,115561000.0,5.4
ES,2017,20363390.711,998551,12,1,20.392940081177624,16.829249273649076,13.814060507148563,3.0151887665005104,1,1,2017.0,28381.3425596906,71598374.0,1078.63356,121717000.0,5.8
ES,2018,21313937.641,1052504,12,1,20.250695143201355,16.87487176602919,13.866682645006511,3.00818912102268,1,1,2018.0,30602.4212881113,80706703.0,1118.73285,124456000.0,15.5
ES,2019,22036524.183000002,1075966,12,1,20.480688221560907,16.9082118248667,13.888729420691613,3.01948240417509,1,1,2019.0,29786.5245689007,88237165.272,1191.466578,126170000.0,24.9
ES,2020,8111303.208,463454,12,1,17.501851765223734,15.908769104674086,13.046462414187005,2.8623066904870815,1,1,2020.0,27233.9426461608,26557077.999,494.260587847,36410000.0,24.8
ES,2021,10986702.202399999,644253,12,1,17.05339703874099,16.212196208773953,13.375846785081185,2.836349423692767,1,1,2021.0,30799.4775937775,43440479.727,850.819356,,53.6
ES,2022,18543182.225,994788,12,1,18.640335654430896,16.73561274441973,13.810284928112456,2.9253278163072753,1,1,2022.0,30319.4987196616,80908169.2,956.252026,,81.0
ES,2023,20790653.4694,1080322,12,1,19.244867242729484,16.850014091249797,13.892769702811224,2.9572443884385717,1,1,2023.0,33493.2225409111,94101520.461,1130.88259932,,83.0
ES,2024,23260597.09674,1159647,12,1,20.05834283772562,16.962271375264432,13.963626206425932,2.9986451688385016,1,1,2024.0,35326.7683069278,,,,65.0
ES,2025,24573663.63756,1199817,12,1,20.48117641070263,17.017185843579345,13.99767960312892,3.019506240450422,1,1,,,,,,74.0
FI,2010,1925566.012,135888,12,1,14.170243229718592,14.470730514692816,11.819586296019791,2.6511442186730254,0,0,2010.0,46506.2919016566,8685772.86832543,728.823996721215,3670000.0,14.0
FI,2011,2260888.229,150890,12,1,14.983684995692226,14.631268315717094,11.924306373507697,2.7069619422093965,0,0,2011.0,51060.3242589767,9508050.0,740.085265,4192000.0,13.0
FI,2012,2094724.976,135795,12,1,15.425641415368755,14.554932826348564,11.818901674577651,2.7360311517709124,1,1,2012.0,47551.6740841369,10731828.4925915,690.866320824715,4226000.0,7.0
FI,2013,2095731.044,126779,12,1,16.53058506534994,14.555412997487231,11.750200692127605,2.805212305359626,1,1,2013.0,49691.0145200739,10467321.0,660.802462,2797000.0,4.5
FI,2014,2121358.446,124040,12,1,17.102212560464366,14.56756721785374,11.728359373214385,2.839207844639355,1,1,2014.0,50073.7760815871,10992792.0,667.07538,2731000.0,6.0
FI,2015,2093593.792,118943,12,1,17.60165618825824,14.554392664966317,11.686399665743908,2.8679929992224094,1,1,2015.0,42560.3456767103,13035848.0,713.484,2622000.0,7.7
FI,2016,2176118.952,115193,12,1,18.8910693531725,14.593053550905045,11.654364261508839,2.9386892893962067,1,1,2016.0,43451.2562442158,13754228.0,761.85394,2789000.0,5.4
FI,2017,2269421.341,121787,12,1,18.634348009229228,14.635035441101984,11.710028896213519,2.925006544888465,1,1,2017.0,46085.0174739036,12209646.0,852.01263,3180000.0,5.8
FI,2018,2510109.037,134028,12,1,18.72824362819709,14.735836751200289,11.805804012328826,2.9300327388714615,1,1,2018.0,49654.2497035329,13364839.0,957.63859,3224000.0,15.5
FI,2019,2675334.307,135788,12,1,19.70228817715851,14.79958490508301,11.81885012495929,2.9807347801237207,1,1,2019.0,48358.1807773701,14610547.0,1067.31511,3290000.0,24.9
FI,2020,972781.264,54790,12,1,17.754722832633693,13.787914530140144,10.91126297453246,2.8766515556076837,1,1,2020.0,48828.6846862799,3500299.0,480.37919,896000.0,24.8
FI,2021,923714.8587,54695,12,1,16.888469854648505,13.736158708518227,10.909527576553891,2.826631131964336,1,1,2021.0,53099.1351400148,2805555.0,750.28925,,53.6
FI,2022,1761737.05155,91605,12,1,19.231887468478796,14.381810841396401,11.425241134325345,2.956569707071057,1,1,2022.0,50440.560224974,9040754.0,788.58557,,81.0
FI,2023,2085231.8214,98218,12,1,21.230648367916267,14.55039059235815,11.494944776934279,3.055445815423871,1,1,2023.0,52864.6931581216,10794518.0,816.39281,,83.0
FI,2024,2199418.89584,102149,12,1,21.53147750677931,14.603703745183346,11.534187810672643,3.0695159345107035,1,1,2024.0,53155.5451165897,,,,65.0
FI,2025,2352871.94134,107030,12,1,21.983293855367652,14.671147242658572,11.58086444797842,3.090282794680151,1,1,,,,,,74.0
FR,2010,19226350.474,954327,12,1,20.14650164356662,16.771792316610583,13.768761658994732,3.003030657615851,0,0,2010.0,40694.8211697025,60864422.1135135,5079.71814764909,189826000.0,14.0
FR,2011,20144640.632,1003384,12,1,20.076701075560305,16.818448837381702,13.81888884512082,2.9995599922608798,0,0,2011.0,43929.7840873812,64185339.3411299,5068.76226392762,196595000.0,13.0
FR,2012,19686718.809,989630,12,1,19.8930093156028,16.795454794220014,13.805086414879817,2.990368379340198,1,1,2012.0,40863.5814412333,64683769.0243213,4626.15380961188,197522000.0,7.0
FR,2013,19858179.876000002,964881,12,1,20.58096270524552,16.80412656464725,13.779760056654895,3.0243665079923554,1,1,2013.0,42669.1795111893,63925151.0,4327.126,204410000.0,4.5
FR,2014,20104843.886,947917,12,1,21.209498179692947,16.81647133334927,13.762022224661578,3.0544491086876904,1,1,2014.0,43148.0459288416,63434263.0,4151.293,206599000.0,6.0
FR,2015,20413982.672,953060,12,1,21.41940976643653,16.831730649115986,13.7674331397311,3.0642975093848857,1,1,2015.0,36702.4323733379,65039503.0,4098.31,203302000.0,7.7
FR,2016,20482330.232,968707,12,1,21.143989082354107,16.835073132522407,13.783717471567783,3.0513556609546217,1,1,2016.0,37024.2157133669,65362743.0,4155.407,203042000.0,5.4
FR,2017,21087941.047,977856,12,1,21.56548719545618,16.864211920709522,13.793117698912386,3.071094221797136,1,1,2017.0,38687.1626407164,68316473.0,4260.597,207274000.0,5.8
FR,2018,21763341.497,984017,12,1,22.116834868706537,16.89573752960568,13.79939845230792,3.09633907729776,1,1,2018.0,41418.1766484844,70188028.0,4443.789,211998000.0,15.5
FR,2019,22402052.039,994637,12,1,22.52284204086516,16.92466312151336,13.810133125455618,3.114529996057742,1,1,2019.0,40408.2848574751,71289277.0,4522.586,217877000.0,24.9
FR,2020,9992358.954,489000,12,1,20.434271889570553,16.117331254281606,13.10011776845701,3.0172134858245965,1,1,2020.0,39169.8606000707,24956343.0,2467.943,117109000.0,24.8
FR,2021,11908935.0737,619785,12,1,19.214622931661786,16.292799522866936,13.337127922687651,2.955671600179285,1,1,2021.0,43725.0999521245,32000528.0,4107.03,,53.6
FR,2022,18007905.5719,851892,12,1,21.138718959562947,16.706321417879924,13.655215037213273,3.0511063806666505,1,1,2022.0,40988.6396406579,59323269.0,4090.1,,81.0
FR,2023,20404817.793,889670,12,1,22.935265652432925,16.8312815972551,13.698605886433151,3.132675710821947,1,1,2023.0,44700.1384177544,64644716.0,4301.69,,83.0
FR,2024,21434659.37028,904858,12,1,23.688423344082718,16.880519766601733,13.715533304293668,3.1649864623080637,1,1,2024.0,46103.0840855884,,,,65.0
FR,2025,22211444.62746,925174,12,1,24.0078564977615,16.916118237765247,13.737737106912558,3.1783811308526873,1,1,,,,,,74.0
GB,2010,30924065.069000002,1134414,12,1,27.259946605912834,17.24704524357887,13.941626776009658,3.3054184675692135,0,0,2010.0,39778.3220528565,101515720.193399,6082.73941307418,30398000.0,14.0
GB,2011,32285405.505,1158688,12,1,27.86376099950979,17.290125844131087,13.962798888497591,3.3273269556334957,0,0,2011.0,42295.9273835322,111598546.141229,6280.25098328964,31886000.0,13.0
GB,2012,31521016.71,1140771,12,1,27.63132715505566,17.266165078461658,13.947214907561692,3.3189501708999645,1,1,2012.0,42688.3263728372,115419920.565667,6243.54285285133,32221000.0,7.0
GB,2013,31770440.562,1138241,12,1,27.911875044037245,17.27404687338279,13.94499464629118,3.3290522270916076,1,1,2013.0,43607.6636827371,118605866.0,6031.574712,33567000.0,4.5
GB,2014,32937270.555,1153671,12,1,28.549968366197987,17.310115418169485,13.958459590082162,3.3516558280873245,1,1,2014.0,47746.9810645521,124901676.052681,5974.825151208,35337000.0,6.0
GB,2015,33698371.787,1184206,12,1,28.456511609466595,17.332960079229572,13.984583065778681,3.3483770134508895,1,1,2015.0,45256.040227057,131512994.0,5423.17313862741,36792000.0,7.7
GB,2016,35698534.672,1238375,12,1,28.826918075704047,17.390620200305232,14.029310594275332,3.3613096060299013,1,1,2016.0,41258.5374285695,143781714.0,5512.672996428,39129000.0,5.4
GB,2017,36416012.186000004,1267852,12,1,28.7226049933273,17.41051913110121,14.052834687924186,3.357684443177027,1,1,2017.0,40918.0520870944,151159067.0,5915.641,41080000.0,5.8
GB,2018,36993445.279,1260154,12,1,29.356289214651543,17.426251300293142,14.046744493681356,3.3795068066117877,1,1,2018.0,43704.3162296687,165388610.0,6198.37,40283000.0,15.5
GB,2019,37299134.186,1253100,12,1,29.76548893623813,17.434480672173056,14.041131039153376,3.393349633019679,1,1,2019.0,43160.6843971799,142392528.0,5851.19,40857000.0,24.9
GB,2020,14983683.713,496848,12,1,30.15748018106141,16.52247241456774,13.11603942329164,3.4064329912761,1,1,2020.0,40815.1255364787,30237827.0,3667.467,11101000.0,24.8
GB,2021,13836848.2834,505768,12,1,27.358093599041457,16.442845757032618,13.133833345103529,3.30901241192909,1,1,2021.0,47695.6491523474,26631932.0,4097.09,,53.6
GB,2022,27683027.19865,992342,12,1,27.8966598195481,17.136330046847004,13.80782308491612,3.3285069619308825,1,1,2022.0,47034.7795621476,95908282.0,4019.826,,81.0
GB,2023,33526943.089900002,1115122,12,1,30.06571755368471,17.32785994488271,13.924474373931107,3.403385570951602,1,1,2023.0,49919.6896621586,118945920.0,4413.895,,83.0
GB,2024,35779556.00006,1153255,12,1,31.024843594920466,17.392887226802397,13.958098936984047,3.4347882898183495,1,1,2024.0,53341.3131094262,,,,65.0
GB,2025,36440510.75262,1168322,12,1,31.19046868296582,17.411191646520702,13.971079089307707,3.440112557212994,1,1,,,,,,74.0
GE,2014,225618.92500000002,12644,12,0,17.843951676684593,12.326602682499036,9.444938073335509,2.881664609163528,1,0,,,,,,6.0
GE,2015,237980.22,13301,12,0,17.891904368092625,12.379942839956149,9.495594499353297,2.8843483406028536,1,0,,,,,,7.7
GE,2016,281780.257,14851,12,0,18.97382378291024,12.548882815665905,9.605822482030945,2.9430603336349597,1,0,,,,,,5.4
GE,2017,380245.834,20126,12,0,18.893264135943554,12.84857325411149,9.909767790493278,2.938805463618211,1,0,,,,,,5.8
GE,2018,466842.204,23879,12,0,19.55032472046568,13.053746586618736,10.080754690582811,2.9729918960359245,1,0,,,,,,15.5
GE,2019,479477.899,23600,12,0,20.316860127118645,13.080453080481119,10.069001991013701,3.0114510894674185,1,0,,,,,,24.9
GE,2020,194808.639,6518,12,0,29.887793648358393,12.179773017256508,8.782322859397507,3.3974501578590006,1,0,,,,,,24.8
GE,2021,374273.8616,14409,12,0,25.975006010132557,12.832743058699625,9.575608290332934,3.257134768366691,1,0,,,,,,53.6
GE,2022,491275.0525,20432,12,0,24.0443937206343,13.104759438320754,9.92485757827232,3.179901860048432,1,0,,,,,,81.0
GE,2023,519901.00045,25436,12,0,20.43957385005504,13.161393688682324,10.143920772387299,3.017472916295025,1,0,,,,,,83.0
GE,2024,718147.05508,31594,12,0,22.73048854466038,13.484429639148365,10.360722508129042,3.1237071310193225,1,0,,,,,,65.0
GE,2025,927534.99392,36906,12,0,25.132363136617354,13.740285802045795,10.516129418436423,3.2241563836093725,1,0,,,,,,74.0
HR,2010,359275.002,40129,12,1,8.953001619776222,12.791843396509213,10.599854543937271,2.1919888525719426,0,0,2010.0,13729.7472872883,1577226.0,1.516001,49006000.0,14.0
HR,2011,355439.863,41308,12,1,8.604625326813208,12.781111352171948,10.628811464791294,2.152299887380654,0,0,2011.0,14691.591757962,1812519.0,1.67474,49969000.0,13.0
HR,2012,361891.581,41151,12,1,8.794235401326821,12.799099945948827,10.625003507146516,2.174096438802309,1,1,2012.0,13507.6349882758,1872799.0,1.738189,47185000.0,7.0
HR,2013,385548.865,41625,12,1,9.262435195195195,12.862423221410321,10.636456227282745,2.2259669941275755,1,1,2013.0,14135.0903485872,1716702.0,1.47223,48345000.0,4.5
HR,2014,399297.911,43755,12,1,9.125766449548623,12.897463061382231,10.686361170969931,2.211101890412299,1,1,2014.0,14186.7712230471,1756070.0,0.97639,51168000.0,6.0
HR,2015,421299.088,45321,12,1,9.295891264535204,12.951098283236544,10.721525780211834,2.229572503024708,1,1,2015.0,12283.8750299177,1782666.0,0.77532,55858000.0,7.7
HR,2016,478474.951,50910,12,1,9.398447279512865,13.078359139497575,10.837814646896382,2.2405444926011926,1,1,2016.0,12820.1872746645,1875433.0,0.65658,57587000.0,5.4
HR,2017,578254.166,56686,12,1,10.201004939491233,13.267768784564058,10.94528254564742,2.322486238916639,1,1,2017.0,13901.6498657787,2057804.0,0.58275,59238000.0,5.8
HR,2018,672881.302,59465,12,1,11.315585672244177,13.419324221600563,10.993143183161346,2.426181038439217,1,1,2018.0,15460.4560798984,2093577.0,0.52979,57668000.0,15.5
HR,2019,709589.345,62567,12,1,11.34127167676251,13.472441694363082,11.043993261542806,2.4284484328202773,1,1,2019.0,15563.7354996625,2108591.0,0.4406,60021000.0,24.9
HR,2020,190212.493,26778,12,1,7.103312159235193,12.155897110427423,10.195335933857326,1.960561176570098,1,1,2020.0,14807.5559227544,608458.0,0.17935,21608000.0,24.8
HR,2021,347692.0989,41903,12,1,8.297546688781232,12.759072593837848,10.643112702392486,2.1159598914453612,1,1,2021.0,17788.7601163765,767762.0,0.14853,,53.6
HR,2022,579154.22835,57599,12,1,10.054935473706141,13.269324091292141,10.961260485422166,2.3080636058699757,1,1,2022.0,18465.531473659,1404393.0,0.19011,,81.0
HR,2023,623447.571,61805,12,1,10.087332270851872,13.343019952354908,11.031739546321923,2.3112804060329846,1,1,2023.0,22183.4982258492,1670012.0,0.14608,,83.0
HR,2024,730763.697,68289,12,1,10.701045512454423,13.501845426554246,11.131503978415498,2.370341448138747,1,1,2024.0,24049.9441746337,,,,65.0
HR,2025,775653.03674,71313,12,1,10.876741081429753,13.561460581575382,11.174833917973366,2.386626663602016,1,1,,,,,,74.0
HU,2010,698950.208,55899,12,1,12.503805220129161,13.457334785488472,10.931301769895523,2.5260330155929487,0,0,2010.0,13189.8433874768,12477063.1762511,5.60895570713066,39904000.0,14.0
HU,2011,718074.107,57940,12,1,12.393408819468416,13.484328055796178,10.967163271323342,2.517164784472837,0,0,2011.0,14211.460557822,13729553.5346856,5.85295,41304000.0,13.0
HU,2012,586950.537,47266,12,1,12.418028540600009,13.282695831205304,10.763546499940231,2.519149331265073,1,1,2012.0,12950.1594488143,12289555.0764284,0.467678756906942,43565000.0,7.0
HU,2013,581691.1799999999,45572,12,1,12.76422320723251,13.273694967329028,10.727048771818007,2.5466461955110216,1,1,2013.0,13739.4620151401,13926540.0,0.0,43611000.0,4.5
HU,2014,621494.198,47364,12,1,13.121657756946203,13.339881854410647,10.765617725450847,2.5742641289597987,1,1,2014.0,14352.501883174,16482060.0,,45984000.0,6.0
HU,2015,687044.067,49734,12,1,13.814373808662083,13.440153713252144,10.81444408281958,2.6257096304325636,1,1,2015.0,12782.9412577973,20043787.0,,48345000.0,7.7
HU,2016,764073.124,52040,12,1,14.682419754035356,13.546418775610437,10.859767932626442,2.6866508429839953,1,1,2016.0,13215.8605277789,21399963.0,,52890000.0,5.4
HU,2017,839095.527,55818,12,1,15.032704987638397,13.640079837132475,10.929851676996613,2.710228160135862,1,1,2017.0,14736.1668157258,26066294.0,,54962000.0,5.8
HU,2018,1008883.623,62601,12,1,16.116094359515024,13.824354953734243,11.044536531401494,2.7798184223327485,1,1,2018.0,16605.0570511887,31226848.0,0.0,57667000.0,15.5
HU,2019,1102381.928,66418,12,1,16.597638110150864,13.912983785783501,11.103723383065155,2.809260402718347,1,1,2019.0,17012.8598553199,39803373.0,0.0,61397000.0,24.9
HU,2020,414433.074,27568,12,1,15.033120792222867,12.934666778518682,10.224410958767711,2.7102558197509707,1,1,2020.0,16386.9308821258,14597294.0,,31641000.0,24.8
HU,2021,479874.2237,31917,12,1,15.035066694864804,13.081279314588844,10.370894062184476,2.7103852524043686,1,1,2021.0,19030.628130329,20127200.0,,,53.6
HU,2022,882030.1544,54701,12,1,16.12457092923347,13.68998152306664,10.909637269778615,2.7803442532880247,1,1,2022.0,18428.028825614,41287305.0,133.284359,,81.0
HU,2023,1033389.4894000001,59378,12,1,17.40357521977837,13.848354723891298,10.99167906637632,2.8566756575149768,1,1,2023.0,22208.6509820466,55613579.0,145.08106,,83.0
HU,2024,1391522.2551199999,68869,12,1,20.205350086686316,14.145908853438584,11.139961428322973,3.00594742511561,1,1,2024.0,23305.4482514359,,,,65.0
HU,2025,1819504.98414,73809,12,1,24.651532796000488,14.414075035321614,11.20923595437263,3.2048390809489833,1,1,,,,,,74.0
IE,2010,1971479.337,116839,12,1,16.873469791764737,14.49429475139275,11.668552197752282,2.82574255364047,0,0,2010.0,48623.9666422487,84784226.0,138.475121701,7134000.0,14.0
IE,2011,1977296.087,115350,12,1,17.141708599913308,14.497240856745753,11.655726263601899,2.8415145931438532,0,0,2011.0,52613.8540355689,89956333.5096866,123.452121701029,7630000.0,13.0
IE,2012,1882159.637,112054,12,1,16.79689825441305,14.447930418590763,11.626736176940854,2.82119424164991,1,1,2012.0,49335.8408099555,92637189.1903926,123.110099893906,7550000.0,7.0
IE,2013,1966353.793,113858,12,1,17.270229522738852,14.491691519246867,11.642707336919567,2.848984182327299,1,1,2013.0,52537.6108648692,93408036.0,118.253832,8260000.0,4.5
IE,2014,2122124.071,119462,12,1,17.76400923306156,14.567928065344093,11.690753608151843,2.8771744571922495,1,1,2014.0,57214.5379785709,98449140.0,126.164748,8813000.0,6.0
IE,2015,2387507.022,125516,12,1,19.021535278370884,14.68576029248453,11.740188519467651,2.945571773016878,1,1,2015.0,64250.1385181257,115928738.0,138.58,9528000.0,7.7
IE,2016,2641198.241,135913,12,1,19.43300671017489,14.786743251317173,11.819770254136726,2.9669729971804477,1,1,2016.0,64129.5571542383,134065078.0,118.207,10100000.0,5.4
IE,2017,2959927.555,139591,12,1,21.204286486951165,14.900675351338572,11.846471997318094,3.0542033540204767,1,1,2017.0,72161.4047531385,153944513.0,154.38504,10338000.0,5.8
IE,2018,3231984.881,145519,12,1,22.21005422659584,14.988607020703766,11.88806194126075,3.100545079443015,1,1,2018.0,80804.1123164826,167598633.0,168.7117,10926000.0,15.5
IE,2019,3304912.457,148320,12,1,22.282311603290182,15.010920542868698,11.907127380799682,3.1037931620690156,1,1,2019.0,81827.6688873996,170161848.0,174.5404,10951000.0,24.9
IE,2020,1229807.352,55176,12,1,22.288809482383645,14.022368090691476,10.918283355111127,3.1040847355803485,1,1,2020.0,86514.0706108754,54582262.0,131.775022,,24.8
IE,2021,1253407.7523999999,56516,12,1,22.177927532026327,14.041376601850121,10.942279062885698,3.0990975389644233,1,1,2021.0,103783.446284479,74065210.0,86.36447,,53.6
IE,2022,2807242.1117000002,131819,12,1,21.296187284837544,14.847713104456663,11.789185048475675,3.0585280559809873,1,1,2022.0,105190.685952731,169377735.0,128.63663,,81.0
IE,2023,3198597.5075,149425,12,1,21.406039869499747,14.978222992791434,11.914549873692454,3.063673119098978,1,1,2023.0,106818.917130804,192528432.0,430.49445,,83.0
IE,2024,3264177.84494,151244,12,1,21.582197276850653,14.99851848038938,11.926649705684747,3.0718687747046327,1,1,2024.0,112894.953240805,,,,65.0
IE,2025,3498937.2296,161376,12,1,21.681893401744993,15.067969831663332,11.991492324876452,3.0764775067868793,1,1,,,,,,74.0
IS,2010,173535.728,15605,12,1,11.120520858699136,12.06413878224144,9.65534665470488,2.40879212753656,0,0,,,,,,14.0
IS,2011,209660.054,17593,12,1,11.917242880691184,12.25324270756639,9.775256374639046,2.477986332927343,0,0,,,,,,13.0
IS,2012,215714.682,20327,12,1,10.612224233777734,12.2817118968202,9.919705330558962,2.362006566261237,1,1,,,,,,7.0
IS,2013,241903.238,20564,12,1,11.763433086948066,12.3962930822051,9.931297253175396,2.4649958290297045,1,1,,,,,,4.5
IS,2014,280265.616,20594,12,1,13.609090803146547,12.543493061059085,9.932755050216697,2.610738010842389,1,1,,,,,,6.0
IS,2015,354257.891,21865,12,1,16.202053098559343,12.777780432534195,9.992642463847021,2.7851379686871747,1,1,,,,,,7.7
IS,2016,497460.077,23826,12,1,20.878875052463695,13.117270585124622,10.078532700359306,3.0387378847653155,1,1,,,,,,5.4
IS,2017,659085.412,26130,12,1,25.223322311519325,13.398608413583913,10.170839358514659,3.2277690550692544,1,1,,,,,,5.8
IS,2018,764995.494,28096,12,1,27.227914792141227,13.547625222595247,10.243382496434844,3.3042427261604037,1,1,,,,,,15.5
IS,2019,516600.534,23027,12,1,22.434556564033524,13.155025193325109,10.04442271945762,3.110602473867489,1,1,,,,,,24.9
IS,2020,128665.12,12280,12,1,10.477615635179152,11.76496833898122,9.415727201701133,2.3492411372800865,1,1,,,,,,24.8
IS,2021,263262.83675,18071,12,1,14.568249501964475,12.480908191390462,9.802063722398165,2.6788444689922977,1,1,,,,,,53.6
IS,2022,418503.7195,22887,12,1,18.285652095075807,12.944441056566317,10.038324342758338,2.9061167138079784,1,1,,,,,,81.0
IS,2023,486221.96955,23217,12,1,20.942497719343585,13.094420526083523,10.052640047938569,3.041780478144954,1,1,,,,,,83.0
IS,2024,541799.14162,23825,12,1,22.740782439454357,13.202650624320322,10.078490728522404,3.12415989579792,1,1,,,,,,65.0
IS,2025,522998.659,23670,12,1,22.095422855935784,13.167334178990236,10.071963702508029,3.0953704764822056,1,1,,,,,,74.0
IT,2010,12364209.652,869383,12,1,14.221821282449739,16.330316538738714,13.675539043630446,2.654777495108269,0,0,2010.0,35856.8625485539,32645164.0,784.96985,73225000.0,14.0
IT,2011,12445506.572,877792,12,1,14.178195485946558,16.3368701978168,13.685164942501416,2.651705255315383,0,0,2011.0,38432.3742820019,33923370.5051058,760.26837,75866000.0,13.0
IT,2012,11950238.636,832765,12,1,14.35007311306311,16.296261805682153,13.632506768502527,2.663755037179627,1,1,2012.0,34854.3949441965,31072962.155732,795.11615,76293000.0,7.0
IT,2013,11624536.354,782343,12,1,14.858618731170344,16.268628625115443,13.570048542288117,2.698580082827326,1,1,2013.0,35701.6746002376,27846220.0,892.930674,76762000.0,4.5
IT,2014,12104894.517,787505,12,1,15.371197029860129,16.30912043431385,13.576624998868118,2.7324954354457325,1,1,2014.0,36028.3494022349,27193939.0,989.179882,77694000.0,6.0
IT,2015,12323740.211000001,787371,12,1,15.651757825726374,16.32703805855116,13.57645482673987,2.7505832318112917,1,1,2015.0,30639.8829751432,28603919.0,945.2649666,81068000.0,7.7
IT,2016,12965737.763,776477,12,1,16.698160747839278,16.377820879539545,13.562522301042048,2.815298578497497,1,1,2016.0,31391.5692898108,29120041.0,1083.244836,84925000.0,5.4
IT,2017,13502111.3,787438,12,1,17.146888135954832,16.418356623773203,13.576539916423814,2.8418167073493907,1,1,2017.0,32844.115660604,26288001.0,1437.245062,89931000.0,5.8
IT,2018,14339144.878,812516,12,1,17.6478307848707,16.47850375941906,13.607890885299831,2.8706128741192294,1,1,2018.0,35062.3364176949,27243741.0,1418.004731,93228601.5625,15.5
IT,2019,15106921.478,834690,12,1,18.098840860678816,16.530663572789443,13.63481567741484,2.895847895374603,1,1,2019.0,33812.788724868,27760301.0,1344.955151,95399000.0,24.9
IT,2020,5317375.948,367502,12,1,14.468971455937654,15.486490496776412,12.81448403979709,2.6720064569793207,1,1,2020.0,32091.4866621366,7801490.0,978.76063,38419000.0,24.8
IT,2021,6811549.22335,491982,12,1,13.845118771316836,15.734130144668784,13.10619740943933,2.6279327352294537,1,1,2021.0,36852.5425414951,2449339.0,1150.691582,,53.6
IT,2022,11431246.1381,758759,12,1,15.065714064808457,16.251861053284188,13.539439482899994,2.7124215703841923,1,1,2022.0,35653.9042103495,14670031.959,1587.2563751,,81.0
IT,2023,13628500.91835,820324,12,1,16.61355868943247,16.427673813643842,13.617454663151534,2.8102191504923097,1,1,2023.0,39279.699782164,20264734.0,1120.9870294,,83.0
IT,2024,15695754.31824,880938,12,1,17.817093051088726,16.568900808157135,13.688742527867563,2.8801582802895718,1,1,2024.0,40429.6224047352,,,,65.0
IT,2025,16599680.8964,912404,12,1,18.19334515894275,16.624894030033573,13.723838153424847,2.9010558766087247,1,1,,,,,,74.0
LI,2010,1.7349999999999999,5,5,1,0.347,0.5510074133988224,1.6094379124341003,-1.058430499035278,0,0,,,,,,14.0
LI,2012,1.222,2,2,1,0.611,0.20048886074940356,0.6931471805599453,-0.49265831981054176,1,1,,,,,,7.0
LI,2013,0.69,1,1,1,0.69,-0.37106368139083207,0.0,-0.37106368139083207,1,1,,,,,,4.5
LI,2015,1.169,2,2,1,0.5845,0.15614868248993138,0.6931471805599453,-0.5369984980700139,1,1,,,,,,7.7
LI,2016,0.74,1,1,1,0.74,-0.3011050927839216,0.0,-0.3011050927839216,1,1,,,,,,5.4
LI,2018,1.042,2,2,1,0.521,0.04114194333117521,0.6931471805599453,-0.6520052372287701,1,1,,,,,,15.5
LI,2019,1.767,3,3,1,0.589,0.5692831933375593,1.0986122886681098,-0.5293290953305504,1,1,,,,,,24.9
LI,2020,0.463,1,1,1,0.463,-0.770028224895903,0.0,-0.770028224895903,1,1,,,,,,24.8
LI,2022,0.5733,1,1,1,0.5733,-0.5563461390678,0.0,-0.5563461390678,1,1,,,,,,81.0
LI,2023,0.4914,1,1,1,0.4914,-0.7104968188950583,0.0,-0.7104968188950583,1,1,,,,,,83.0
LI,2024,3.11576,6,5,1,0.5192933333333333,1.1364731032193192,1.791759469228055,-0.655286366008736,1,1,,,,,,65.0
LI,2025,4.58516,9,6,1,0.5094622222222223,1.5228250015008715,2.1972245773362196,-0.6743995758353478,1,1,,,,,,74.0
LT,2010,186694.594,19424,12,1,9.611542112850083,12.13722937356694,9.874264693859224,2.2629646797077165,0,0,2010.0,11829.122609457,81450.0,2.6402227027027,4073000.0,14.0
LT,2011,198307.177,20429,12,1,9.707140682363306,12.197572506490367,9.924710738987654,2.272861767502714,0,0,2011.0,14261.8433787325,69445.0,2.291,4504000.0,13.0
LT,2012,220381.657,21501,12,1,10.24983289149342,12.303116126844612,9.975854724662028,2.327261402182583,1,1,2012.0,14288.1853493139,592996.0,3.056,4979000.0,7.0
LT,2013,237821.437,22370,12,1,10.631266741171212,12.379275406358312,10.015476054484175,2.3637993518741363,1,1,2013.0,15636.5252586048,1009728.0,4.99992,5264000.0,4.5
LT,2014,265986.993,24964,12,1,10.654822664637079,12.491202688072025,10.125190066053934,2.3660126220180917,1,1,2014.0,16446.1647181663,1274911.0,0.471265,5217000.0,6.0
LT,2015,282015.78500000003,26356,12,1,10.700249848231904,12.549718323531003,10.17945123203371,2.3702670914972934,1,1,2015.0,14269.8039878287,1363946.0,0.56564667,5048000.0,7.7
LT,2016,301680.4,27208,12,1,11.087930020582183,12.617123457839607,10.211266326687031,2.4058571311525756,1,1,2016.0,14934.2702840428,1046012.0,0.472,5322000.0,5.4
LT,2017,328557.776,28740,12,1,11.432072929714684,12.702467979676438,10.266045159633016,2.436422820043422,1,1,2017.0,16800.1510246099,1069268.0,0.472,5590000.0,5.8
LT,2018,388557.488,31811,12,1,12.214563767250322,12.870196412102702,10.367567420904209,2.502628991198494,1,1,2018.0,19247.2315367967,26031.0,0.0,6115000.0,15.5
LT,2019,393580.497,32791,12,1,12.002698819798114,12.883040892627701,10.397909366476442,2.4851315261512585,1,1,2019.0,19608.7943945553,40944.0,0.0,6150000.0,24.9
LT,2020,183004.805,16295,12,1,11.230733660632096,12.117267688309454,9.698613591271663,2.4186540970377925,1,1,2020.0,20428.6478157394,35027.0,2.80719338834438,2284000.0,24.8
LT,2021,228270.0302,18002,12,1,12.680259426730364,12.33828455013814,9.79823814181703,2.5400464083211087,1,1,2021.0,23882.8668916753,11289.0,,,53.6
LT,2022,364386.1772,27751,12,1,13.130560239270656,12.80596951060785,10.231027154561334,2.5749423560465154,1,1,2022.0,24946.5724005188,29256.0,1.01307936,,81.0
LT,2023,393218.9255,29015,12,1,13.552263501637084,12.882121798090738,10.275568216624709,2.606553581466029,1,1,2023.0,27983.3658256887,,1.689037593,,83.0
LT,2024,415280.71248,31219,12,1,13.302178560492008,12.936709986161361,10.348782162806907,2.587927823354453,1,1,2024.0,29603.7772588256,,,,65.0
LT,2025,443410.66719999997,32565,12,1,13.616172799017349,13.002251633610644,10.390993370980501,2.6112582626301424,1,1,,,,,,74.0
LU,2010,1193563.318,26733,12,1,44.64756361051883,13.992453775720783,10.19365403628083,3.798799739439953,0,0,2010.0,110885.991378721,786920.0,4573.109,805000.0,14.0
LU,2011,1165545.215,27840,12,1,41.86584823994253,13.968699531214256,10.234229114448356,3.7344704167659,0,0,2011.0,119025.057203467,785200.0,4653.873,874000.0,13.0
LU,2012,1086204.438,28087,12,1,38.672853562146194,13.898200010378254,10.243062114822008,3.6551378955562472,1,1,2012.0,112584.676270958,781146.0,4402.974,950000.0,7.0
LU,2013,1075263.5050000001,28682,12,1,37.48913970434419,13.888076310436906,10.264025027289158,3.6240512831477485,1,1,2013.0,120000.140729859,1555788.0,5224.838626,945000.0,4.5
LU,2014,1156393.696,29453,12,1,39.26233986351136,13.96081683770857,10.29055105146374,3.67026578624483,1,1,2014.0,123678.706919314,1710624.0,5753.111628,1038000.0,6.0
LU,2015,1280871.135,30351,12,1,42.20194178116042,14.063050978628938,10.320584744874001,3.742466233754939,1,1,2015.0,105462.012584423,1830972.0,6309.473324,1090000.0,7.7
LU,2016,1417343.6030000001,32695,12,1,43.35046958250497,14.164294975516313,10.394977439995376,3.7693175355209374,1,1,2016.0,106899.293549552,1845726.0,6877.761503,1054000.0,5.4
LU,2017,1608782.268,35233,12,1,45.66123429739165,14.290988095500175,10.469738422407529,3.8212496730926473,1,1,2017.0,110193.213797228,1901012.0,7321.11217,1046000.0,5.8
LU,2018,1738839.887,37387,12,1,46.509211410383294,14.368728717217154,10.529078329395084,3.83965038782207,1,1,2018.0,116926.759593905,2099102.0,7323.03958,1018000.0,15.5
LU,2019,1772959.277,38083,12,1,46.555136858965945,14.388160616377451,10.547523267314807,3.840637349062645,1,1,2019.0,112696.649059674,2114417.0,7188.04334,1041000.0,24.9
LU,2020,1546532.255,20126,12,1,76.8425049686972,14.251525727663122,9.909767790493278,4.3417579371698425,1,1,2020.0,116860.02817236,753114.0,7344.759036,525000.0,24.8
LU,2021,1816545.2387,23808,12,1,76.29978321152554,14.412447034654784,10.077776937632818,4.334670097021966,1,1,2021.0,134965.815442152,1081478.0,8588.53476,,53.6
LU,2022,1900319.03525,34852,12,1,54.525394102203606,14.457532343330284,10.458865803351177,3.998666539979107,1,1,2022.0,123719.658915996,2060543.0,7988.843824,,81.0
LU,2023,1779237.78915,35896,12,1,49.56646392773568,14.391695622218197,10.488381147655819,3.9033144745623787,1,1,2023.0,133230.619178899,2457682.909,6873.237812727,,83.0
LU,2024,1881552.4415199999,35934,12,1,52.36134139032671,14.447607760814291,10.489439201492518,3.958168559321774,1,1,2024.0,137781.681659123,,,,65.0
LU,2025,1911783.5334,35862,12,1,53.30945104567509,14.463547151435256,10.48743351805231,3.976113633382947,1,1,,,,,,74.0
LV,2011,362196.467,36207,12,1,10.003492888115558,12.799942070104473,10.497007749286007,2.3029343208184656,0,0,2011.0,12902.574053337,3299391.0,5.313543,5538000.0,13.0
LV,2012,366689.754,34116,12,1,10.74832201899402,12.812271412572795,10.437521761439,2.3747496511337935,1,1,2012.0,13329.3499931271,2888683.0,4.057,5569000.0,7.0
LV,2013,391685.283,33525,12,1,11.683379060402684,12.878213946826552,10.42004670814988,2.4581672386766718,1,1,2013.0,14484.4715282132,2754720.0,3.759996,5822000.0,4.5
LV,2014,361507.64400000003,32855,12,1,11.003124151575104,12.798038465585615,10.399859219331969,2.398179246253647,1,1,2014.0,15185.814581236,2636612.75889877,3.510996,6246000.0,6.0
LV,2015,357593.19299999997,34062,12,1,10.498302888849743,12.787151286865424,10.435937672398781,2.351213614466643,1,1,2015.0,13321.9753140616,2527368.0,2.277996,6842000.0,7.7
LV,2016,359826.381,34125,12,1,10.544362813186813,12.7933769191003,10.437785532487261,2.35559138661304,1,1,2016.0,13838.5266823272,2843133.0,2.157,6797000.0,5.4
LV,2017,399703.456,37572,12,1,10.638333226871074,12.898478191146898,10.534014371114406,2.364463820032492,1,1,2017.0,15132.4958333982,3441024.0,2.83108,7726000.0,5.8
LV,2018,459732.626,41980,12,1,10.95122977608385,13.038400351649187,10.644948593374624,2.3934517582745625,1,1,2018.0,17252.1710428626,4058762.0,4.01487,7775000.0,15.5
LV,2019,494257.553,43972,12,1,11.240279109433276,13.11081202265611,10.691308346698754,2.4195036759573543,1,1,2019.0,17294.9751600969,4976410.0,5.1637624,8342000.0,24.9
LV,2020,194658.212,18063,12,1,10.776626916901954,12.179000540692229,9.801620926132557,2.3773796145596724,1,1,2020.0,17564.2321549354,1323070.0,4.32123,3204000.0,24.8
LV,2021,247478.16085,19706,12,1,12.558518260935754,12.419077618107695,9.88867843688242,2.5303991812252744,1,1,2021.0,20261.8887788916,1598685.0,2.31822,,53.6
LV,2022,353342.73705,28251,12,1,12.507264771158543,12.775193791358438,10.248884134178173,2.526309657180266,1,1,2022.0,20221.103686109,3664379.764,25.26366546,,81.0
LV,2023,403356.0375,31156,12,1,12.946335778020284,12.907574918642831,10.34676212203984,2.560812796602992,1,1,2023.0,22710.2637544197,4475904.0,2.3673,,83.0
LV,2024,416925.47238,32712,12,1,12.745337257887014,12.940662761498672,10.395497262044477,2.545165499454194,1,1,2024.0,23578.9663562625,,,,65.0
LV,2025,424993.824,32228,12,1,13.187098920193622,12.959829916036261,10.380590918897086,2.5792389971391745,1,1,,,,,,74.0
MC,2010,244.465,594,12,0,0.41155723905723907,5.499072149383837,6.386879319362645,-0.8878071699788085,0,0,,,,,,14.0
MC,2011,222.982,731,12,0,0.30503693570451434,5.407091050713498,6.594413459749778,-1.1873224090362808,0,0,,,,,,13.0
MC,2012,475.183,686,12,0,0.6926865889212828,6.163699992997741,6.530877627725885,-0.367177634728144,1,0,,,,,,7.0
MC,2013,436.691,632,12,0,0.6909667721518987,6.0792258511653365,6.448889394146858,-0.369663542981521,1,0,,,,,,4.5
MC,2014,458.352,610,12,0,0.7513967213114754,6.127637447875957,6.413458957167357,-0.28582150929140054,1,0,,,,,,6.0
MC,2015,319.448,506,12,0,0.6313201581027668,5.7665945062680715,6.226536669287466,-0.4599421630193944,1,0,,,,,,7.7
MC,2016,347.934,557,12,0,0.624657091561939,5.852012806615244,6.322565239927284,-0.4705524333120398,1,0,,,,,,5.4
MC,2017,311.189,488,12,0,0.6376823770491804,5.740400444635814,6.1903154058531475,-0.44991496121733376,1,0,,,,,,5.8
MC,2018,307.114,473,12,0,0.6492896405919661,5.727219014164118,6.159095388491933,-0.4318763743278154,1,0,,,,,,15.5
MC,2019,386.418,580,12,0,0.6662379310344828,5.9569196851043005,6.363028103540465,-0.40610841843616424,1,0,,,,,,24.9
MC,2020,323.051,474,12,0,0.681542194092827,5.777810205495436,6.161207321695077,-0.3833971161996398,1,0,,,,,,24.8
MC,2021,459.89035,701,12,0,0.6560490014265336,6.130988091503383,6.55250788703459,-0.4215197955312071,1,0,,,,,,53.6
MC,2022,380.67435,601,12,0,0.6334015806988352,5.94194428523207,6.398594934535208,-0.4566506493031378,1,0,,,,,,81.0
MC,2023,293.5863,481,12,0,0.610366528066528,5.682171633526309,6.175867270105761,-0.49369563657945215,1,0,,,,,,83.0
MC,2024,274.75568,460,12,0,0.5972949565217391,5.615882266409439,6.131226489483141,-0.515344223073701,1,0,,,,,,65.0
MC,2025,342.6862,513,12,0,0.6680042884990253,5.8368151596133915,6.240275845170769,-0.4034606855573784,1,0,,,,,,74.0
MD,2010,68617.307,6767,12,0,10.139989212354072,11.136300070524289,8.819813136232225,2.316486934292064,0,0,,,,,,14.0
MD,2011,74055.331,7379,12,0,10.03595758232823,11.212567809002019,8.906393407058367,2.3061744019436525,0,0,,,,,,13.0
MD,2012,80672.474,8042,12,0,10.031394429246456,11.29815270561497,8.992433087457218,2.305719618157751,1,0,,,,,,7.0
MD,2013,90605.571,8706,12,0,10.407256030323914,11.41427098020686,9.071767722112243,2.3425032580946166,1,0,,,,,,4.5
MD,2014,111060.275,9743,12,0,11.398981319921994,11.617828350931557,9.184304357425342,2.433523993506215,1,0,,,,,,6.0
MD,2015,138180.646,11376,12,0,12.146681258790437,11.836317137093372,9.339261152043022,2.4970559850503498,1,0,,,,,,7.7
MD,2016,149506.641,11227,12,0,13.316704462456578,11.915096092230959,9.32607687045878,2.5890192217721797,1,0,,,,,,5.4
MD,2017,184684.907,13683,12,0,13.497398742965725,12.126406446551675,9.52390946537981,2.6024969811718655,1,0,,,,,,5.8
MD,2018,190799.813,14127,12,0,13.506039003326963,12.158980057911986,9.555843138911664,2.6031369190003213,1,0,,,,,,15.5
MD,2019,189693.173,13793,12,0,13.752858188936418,12.153163166872766,9.53191649607552,2.6212466707972464,1,0,,,,,,24.9
MD,2020,70728.87,5394,12,0,13.112508342602892,11.166609113654712,8.593042503699674,2.5735666099550363,1,0,,,,,,24.8
MD,2021,133803.9762,8781,12,0,15.237897300990776,11.804131143723499,9.080345575359996,2.723785568363503,1,0,,,,,,53.6
MD,2022,152704.9177,10116,12,0,15.095385300514037,11.936262695665233,9.221873607789856,2.7143890878753782,1,0,,,,,,81.0
MD,2023,181631.42565,12286,12,0,14.783609445710564,12.109734778911605,9.416215681723873,2.6935190971877323,1,0,,,,,,83.0
MD,2024,255309.62072,16495,12,0,15.478000649893907,12.450232286499183,9.710812583662682,2.7394197028365017,1,0,,,,,,65.0
MD,2025,363605.48872,22574,12,0,16.107268925312308,12.803824736661074,10.024554080515571,2.7792706561455027,1,0,,,,,,74.0
ME,2010,98195.551,10805,12,0,9.087973253123554,11.49471618781725,9.287764268940986,2.206951918876264,0,0,,,,,,14.0
ME,2011,97522.331,10324,12,0,9.446176966292136,11.487836666658657,9.242226560838505,2.245610105820153,0,0,,,,,,13.0
ME,2012,92651.355,9812,12,0,9.442657460252752,11.436598856539105,9.19136140537838,2.2452374511607247,1,0,,,,,,7.0
ME,2013,108260.605,10367,12,0,10.442809395196296,11.592296608733655,9.246382963323112,2.3459136454105423,1,0,,,,,,4.5
ME,2014,110498.26499999998,10092,12,0,10.949094827586205,11.61275509845921,9.219498309760949,2.3932567886982623,1,0,,,,,,6.0
ME,2015,111357.577,10529,12,0,10.576272865419318,11.620501717070038,9.26188863385676,2.3586130832132786,1,0,,,,,,7.7
ME,2016,123131.693,11271,12,0,10.92464670393044,11.721009736387835,9.329988334242078,2.391021402145756,1,0,,,,,,5.4
ME,2017,142436.945,12309,12,0,11.571772280445204,11.86665468953464,9.418085981110297,2.4485687084243435,1,0,,,,,,5.8
ME,2018,152516.484,13392,12,0,11.38862634408602,11.935027960991384,9.502412792729256,2.4326151682621275,1,0,,,,,,15.5
ME,2019,161402.083,13912,12,0,11.601644838987925,11.991653940558745,9.54050705603412,2.451146884524627,1,0,,,,,,24.9
ME,2020,40482.844,5123,12,0,7.902175287917236,10.60863355841044,8.541495483939203,2.0671380744712393,1,0,,,,,,24.8
ME,2021,75215.4479,8805,12,0,8.54235637705849,11.228111913043396,9.083075020930307,2.1450368921130902,1,0,,,,,,53.6
ME,2022,95045.68905,10579,12,0,8.984373669533982,11.46211299233779,9.266626182986775,2.1954868093510154,1,0,,,,,,81.0
ME,2023,120415.04145,12307,12,0,9.784272483139677,11.698699733040593,9.417923485172336,2.280776247868256,1,0,,,,,,83.0
ME,2024,141491.9693,13944,12,0,10.147157867183017,11.859998240391253,9.542804587199857,2.3171936531913953,1,0,,,,,,65.0
ME,2025,153641.20412,14544,12,0,10.563889172167217,11.942375319711088,9.58493381641726,2.3574415032938276,1,0,,,,,,74.0
MK,2010,49549.108,5951,12,0,8.326181818181817,10.810719537577933,8.691314551644853,2.1194049859330804,0,0,,,,,,14.0
MK,2011,52281.305,5716,12,0,9.146484429671098,10.864394129171073,8.651024539049757,2.2133695901213137,0,0,,,,,,13.0
MK,2012,53100.933,5489,12,0,9.674063217343779,10.879949777697137,8.610501368549889,2.269448409147248,1,0,,,,,,7.0
MK,2013,66431.638,5998,12,0,11.075631543847951,11.103928697889542,8.699181359308954,2.404747338580587,1,0,,,,,,4.5
MK,2014,80527.629,6768,12,0,11.898290336879432,11.296355621912344,8.81996090128606,2.4763947206262844,1,0,,,,,,6.0
MK,2015,92105.265,7485,12,0,12.305312625250501,11.430687386733256,8.920656296853728,2.5100310898795275,1,0,,,,,,7.7
MK,2016,103097.708,8227,12,0,12.531628540172603,11.5434324389141,9.01517670716893,2.5282557317451713,1,0,,,,,,5.4
MK,2017,114483.054,8861,12,0,12.919879697551067,11.648182091023351,9.089414904047302,2.5587671869760484,1,0,,,,,,5.8
MK,2018,131545.882,9622,12,0,13.671365828310124,11.787110982291658,9.171807422259398,2.6153035600322583,1,0,,,,,,15.5
MK,2019,145902.454,10668,12,0,13.676645481814774,11.890693554108974,9.275003885301905,2.6156896688070694,1,0,,,,,,24.9
MK,2020,54671.229,4440,12,0,12.313339864864865,10.90909287197293,8.39840965542627,2.5106832165466604,1,0,,,,,,24.8
MK,2021,89444.4301,7234,12,0,12.364449834116671,11.401372818691797,8.886547412512042,2.514825406179754,1,0,,,,,,53.6
MK,2022,128559.735,9378,12,0,13.708651631477927,11.764148939114932,9.146121799649531,2.6180271394654007,1,0,,,,,,81.0
MK,2023,157068.90774999998,11624,12,0,13.512466255161733,11.964439890906998,9.36082720525012,2.603612685656879,1,0,,,,,,83.0
MK,2024,159188.399,12416,12,0,12.821230589561855,11.977843679134214,9.426741242423,2.551102436711213,1,0,,,,,,65.0
MK,2025,166674.78034,13075,12,0,12.747593142638623,12.023799769591287,9.478457288933123,2.5453424806581633,1,0,,,,,,74.0
MT,2010,302649.638,16323,12,1,18.541299883599827,12.62033110521801,9.700330435154035,2.920000670063976,0,0,2010.0,21946.6073066905,1699829.0,6.733,1815000.0,14.0
MT,2011,313606.32,16635,12,1,18.852198376916142,12.655893720316545,9.719264188452577,2.936629531863967,0,0,2011.0,23516.972445816,1673765.0,6.352,1916000.0,13.0
MT,2012,306612.405,16470,12,1,18.616418032786886,12.633339704483955,9.709295823171686,2.924043881312269,1,1,2012.0,22878.3095862582,1535101.0,5.266,2007000.0,7.0
MT,2013,331052.112,17570,12,1,18.84189595902106,12.710031080033593,9.773948181181144,2.9360828988524506,1,1,2013.0,25415.5525389054,1603404.0,3.541,2013000.0,4.5
MT,2014,347473.505,19024,12,1,18.26500762195122,12.758443696475899,9.853456618930563,2.9049870775453366,1,1,2014.0,27424.5693619702,1588165.0,3.422,2162000.0,6.0
MT,2015,361971.501,20858,12,1,17.354084811583085,12.799320761189476,9.945492846681159,2.853827914508318,1,1,2015.0,25529.6693210673,1583046.0,3.352,2383000.0,7.7
MT,2016,395418.329,22096,12,1,17.895471080738595,12.887699544233543,10.003151875649074,2.88454766858447,1,1,2016.0,26459.0644285369,1500824.0,2.442,2592000.0,5.4
MT,2017,439023.493,26005,12,1,16.882272370697944,12.99230820543182,10.166044106207172,2.8262640992246477,1,1,2017.0,30317.2611769875,1575125.0,2.63621,2944000.0,5.8
MT,2018,483138.884,29584,12,1,16.331087209302325,13.088059435815167,10.294988953626905,2.7930704821882606,1,1,2018.0,33382.280781103,2576898.0,5.14323,3232000.0,15.5
MT,2019,518275.666,30486,12,1,17.000448271337664,13.158262553432564,10.325022840821786,2.8332397126107782,1,1,2019.0,32421.9087471186,2382607.8,6.727273,3519000.0,24.9
MT,2020,199150.525,13217,12,1,15.067755542104864,12.201816224810182,9.489259158757807,2.712557066052375,1,1,2020.0,31823.422001724,549318.545,2.903530909,718000.0,24.8
MT,2021,253661.11609999998,17688,12,1,14.340859119176843,12.443754466595971,9.780641722537283,2.6631127440586893,1,1,2021.0,38078.0064279067,597724.0,2.75098,,53.6
MT,2022,383030.9416,25583,12,1,14.972088558808585,12.855871052367014,10.14968334738049,2.7061877049865237,1,1,2022.0,35658.8318250199,1964262.009,8.676285,,81.0
MT,2023,467913.34935,31105,12,1,15.04302682366179,13.05603840679569,10.34512385694912,2.71091454984657,1,1,2023.0,40932.5238774461,2387400.4,3.35594432,,83.0
MT,2024,529736.66868,35159,12,1,15.06688667709548,13.180135310509504,10.467635909983954,2.7124994005255503,1,1,2024.0,44023.6341078148,,,,65.0
MT,2025,605885.61548,39221,12,1,15.447989992096073,13.314446493901967,10.576967596620598,2.737478897281368,1,1,,,,,,74.0
NL,2010,9403220.182,263698,12,1,35.659050057262476,16.056562761128845,12.482559787936431,3.574002973192413,0,0,2010.0,51305.7338533973,26979676.6296817,6444.38161844899,10883000.0,14.0
NL,2011,9844981.195,279212,12,1,35.25987849734252,16.102472359946887,12.539726628889436,3.562745731057449,0,0,2011.0,54701.7728030611,29959476.4043769,6347.25316032084,11300000.0,13.0
NL,2012,9690433.919,273273,12,1,35.46063430708485,16.08664976294691,12.518226574500181,3.56842318844673,1,1,2012.0,50473.9442002689,31672223.9759589,6014.58854749604,11680000.0,7.0
NL,2013,9862522.679,274706,12,1,35.90210144299724,16.104252543652,12.523456713854296,3.5807958297977036,1,1,2013.0,52602.2860520766,33455251.0,5753.728484,12783000.0,4.5
NL,2014,10191528.134,281136,12,1,36.251238311706786,16.137067358037854,12.546593816997673,3.590473541040179,1,1,2014.0,53457.2234864322,33956338.0,5726.179652,13925000.0,6.0
NL,2015,10420367.37,286978,12,1,36.31068364125473,16.159272849906014,12.567160836751345,3.5921120131546673,1,1,2015.0,45793.8135434697,35687843.0,5292.794684592,15007000.0,7.7
NL,2016,10756126.931,302052,12,1,35.61018278640764,16.19098609724957,12.618354466965261,3.572631630284309,1,1,2016.0,46808.5291492503,40078714.0,4745.958515461,15828000.0,5.4
NL,2017,11123852.261,314363,12,1,35.385373790808714,16.22460221314388,12.658303648133456,3.566298565010423,1,1,2017.0,49513.6817346384,42763443.0,5855.480475616,17924000.0,5.8
NL,2018,11305351.253,323936,12,1,34.89995324076361,16.240786733799762,12.688301244398478,3.5524854894012834,1,1,2018.0,53955.0770024266,44417573.579144,5886.51490365179,18780000.0,15.5
NL,2019,11144285.299,323389,12,1,34.460928785456524,16.22643739524473,12.686611211941226,3.539826183303503,1,1,2019.0,53554.9007491475,46358457.951,5656.442,20129000.0,24.9
NL,2020,6553516.524,166599,12,1,39.33706999441773,15.695512337439338,12.023345006295905,3.672167331143432,1,1,2020.0,53467.9277413737,14748517.334,4145.02216,7265000.0,24.8
NL,2021,7287686.2242,200399,12,1,36.36588118802988,15.801696663235488,12.208065658160436,3.5936310050750504,1,1,2021.0,60141.9880911492,19349165.526,4346.39907,,53.6
NL,2022,9113507.88015,287128,12,1,31.74022693763757,16.02526825331455,12.567683388347787,3.457584864966766,1,1,2022.0,59123.318556487,35579242.0,3366.76174,,81.0
NL,2023,9873424.4712,303798,12,1,32.49996534276065,16.105357308802194,12.624118285843666,3.481239022958528,1,1,2023.0,63515.6030780019,41436802.2,3285.74816264,,83.0
NL,2024,10434766.75942,318700,12,1,32.74165911333542,16.160653746487046,12.672005500405428,3.4886482460816177,1,1,2024.0,67465.3208126875,,,,65.0
NL,2025,10644914.33496,321543,12,1,33.105725625997145,16.180592808833467,12.680886561772326,3.4997062470611406,1,1,,,,,,74.0
NO,2010,2593899.182,361631,12,1,7.172778832566898,14.768672777258974,12.79837963391404,1.9702931433449338,0,0,,,,,,14.0
NO,2011,2674237.466,380653,12,1,7.025394430097753,14.799174838235826,12.849643477959049,1.9495313602767783,0,0,,,,,,13.0
NO,2012,2796391.929,393377,12,1,7.108681821763855,14.843840547404959,12.882523718560964,1.9613168288439946,1,1,,,,,,7.0
NO,2013,3038582.103,401591,12,1,7.566360060359918,14.926901551090959,12.903189436749974,2.023712114340984,1,1,,,,,,4.5
NO,2014,3129776.12,407945,12,1,7.672054124943314,14.956472032801598,12.918887640377864,2.0375843924237325,1,1,,,,,,6.0
NO,2015,2972054.044,394294,12,1,7.53765982743841,14.904763869042071,12.884852102909973,2.019911766132099,1,1,,,,,,7.7
NO,2016,2966216.113,388475,12,1,7.635539257352468,14.902797662478063,12.869984096654935,2.0328135658231283,1,1,,,,,,5.4
NO,2017,3020390.61,365179,12,1,8.270986584661221,14.920896722046821,12.80814292331138,2.1127537987354423,1,1,,,,,,5.8
NO,2018,3129712.299,360081,12,1,8.691689644829914,14.95645164103929,12.794084285123589,2.1623673559157015,1,1,,,,,,15.5
NO,2019,3113181.945,354969,12,1,8.770292462158666,14.951155894551645,12.779785740700934,2.1713701538507117,1,1,,,,,,24.9
NO,2020,1513122.931,221201,12,1,6.840488655114579,14.22968623930467,12.306827069415759,1.9228591698889113,1,1,,,,,,24.8
NO,2021,1497818.01115,240171,12,1,6.236464898551448,14.219519947795206,12.389106448616507,1.8304134991786987,1,1,,,,,,53.6
NO,2022,2468817.1779,325216,12,1,7.591315242484995,14.719249718562613,12.692244855937494,2.027004862625121,1,1,,,,,,81.0
NO,2023,2596383.4361,328875,12,1,7.8947424890916,14.76963004855709,12.703433018342594,2.0661970302144956,1,1,,,,,,83.0
NO,2024,2752540.7058,326533,12,1,8.4295942701044,14.828034936134472,12.696286294566692,2.1317486415677784,1,1,,,,,,65.0
NO,2025,2803296.84874,333119,12,1,8.415301585139243,14.846306728478137,12.716255062483006,2.1300516659951305,1,1,,,,,,74.0
PL,2010,1653874.399,146691,12,1,11.2745458071729,14.318631213955635,11.896083612555852,2.422547601399783,0,0,2010.0,12567.7317676382,4099082.0,76.606040095,58340000.0,14.0
PL,2011,1657599.4340000001,152872,12,1,10.843054542362239,14.320880989589714,11.937356248921207,2.3835247406685065,0,0,2011.0,13867.6669408192,4448727.0598285,39.4180038679561,60745000.0,13.0
PL,2012,1725895.244,165207,12,1,10.446865108621305,14.361256455851986,12.014954512052665,2.3463019437993204,1,1,2012.0,13087.420943321,4909100.39206908,91.8311627817047,67390000.0,7.0
PL,2013,1798962.493,159544,12,1,11.275651187133331,14.40272066391044,11.980075025233058,2.422645638677382,1,1,2013.0,13621.9023794031,5002975.74866764,97.64576278,72310000.0,4.5
PL,2014,1942728.11,165407,12,1,11.745138416149256,14.479603785474874,12.01616438232069,2.4634394031541826,1,1,2014.0,14262.2841914116,5038745.42598332,120.85182858,73750000.0,6.0
PL,2015,2032595.424,172274,12,1,11.79861978011772,14.52482406837952,12.0568415115358,2.46798255684372,1,1,2015.0,12637.5220324406,4448883.0,114.791591876,77743000.0,7.7
PL,2016,2308433.6689999998,184109,12,1,12.538407514027016,14.652079787139717,12.123283252501006,2.5287965346387113,1,1,2016.0,12464.0121044827,5497163.0,155.552044,80476000.0,5.4
PL,2017,2629156.019,199980,12,1,13.147094804480448,14.782173447329622,12.20597264052984,2.5762008067997813,1,1,2017.0,13913.3415190124,7376512.0,221.814,83804000.0,5.8
PL,2018,3072056.146,221987,12,1,13.83890113385018,14.937857649775392,12.310374100581239,2.627483549194153,1,1,2018.0,15658.210586693,9277538.0,271.488,85946000.0,15.5
PL,2019,3266972.499,230714,12,1,14.160269853584957,14.999374272733268,12.34893412719272,2.6504401455405473,1,1,2019.0,15874.5220531254,10225516.0,317.866,88515000.0,24.9
PL,2020,1310832.007,107231,12,1,12.224375479105856,14.08617261342141,11.582740664919099,2.5034319485023113,1,1,2020.0,16150.9304813473,2686258.0,140.556639,,24.8
PL,2021,1742703.95215,127111,12,1,13.710095523990843,14.370948460477688,11.752815999459404,2.6181324610182832,1,1,2021.0,18635.5104895754,3676185.0,215.00546,,53.6
PL,2022,2950793.82595,200033,12,1,14.751535126454135,14.897584785659202,12.206237631919171,2.691347153740031,1,1,2022.0,18891.2121169279,7057609.0,308.34517,,81.0
PL,2023,3611088.7057499997,226134,12,1,15.968800382737667,15.099519865382959,12.328883022900582,2.770636842482377,1,1,2023.0,22145.2660647429,8782362.0,343.93228,,83.0
PL,2024,3998017.26494,252958,12,1,15.805063547861701,15.201309112427355,12.440978746023681,2.760330366403674,1,1,2024.0,25103.565661423,,,,65.0
PL,2025,4414226.27788,273303,12,1,16.151400745253436,15.300343128164084,12.518336348804322,2.7820067793597625,1,1,,,,,,74.0
PT,2010,3199085.405,154444,12,1,20.713562229675478,14.978375515980725,11.947586850068673,3.030788665912052,0,0,2010.0,22551.935098809,10428173.5126738,364.692462967644,6756000.0,14.0
PT,2011,3223013.376,156297,12,1,20.621082784698363,14.985827310959612,11.959513322367398,3.0263139885922135,0,0,2011.0,23246.5425416481,11014639.0,355.849353,7264000.0,13.0
PT,2012,3231196.422,153473,12,1,21.053842838805522,14.98836303590218,11.941279934772442,3.047083101129738,1,1,2012.0,20593.4274224109,11338080.0,320.824462,7503000.0,7.0
PT,2013,3318767.263,155081,12,1,21.400218356858673,15.015103965616108,11.951702840048831,3.0634011255672764,1,1,2013.0,21676.4859642714,11860998.0,319.454636,9177000.0,4.5
PT,2014,3517527.338,163894,12,1,21.46220934262389,15.073268839937636,12.00697515637423,3.0662936835634076,1,1,2014.0,22120.6850127107,12635439.0,348.67247,10497000.0,6.0
PT,2015,3663915.856,173985,12,1,21.058803092220593,15.114043039446955,12.066724367584087,3.047318671862868,1,1,2015.0,19215.7813014347,12706909.0,343.964162,11723000.0,7.7
PT,2016,4017499.03,196062,12,1,20.490962195631994,15.206170135150092,12.186186214722579,3.0199839204275136,1,1,2016.0,19980.2808866516,13105120.0,327.012274,13359000.0,5.4
PT,2017,4522995.14,216785,12,1,20.8639672486565,15.324684973951333,12.286661357962133,3.0380236159892,1,1,2017.0,21442.3842768879,15937325.0,421.8294532,15432000.0,5.8
PT,2018,4907132.101,227595,12,1,21.560808018629583,15.406200235638963,12.335323012627452,3.0708772230115122,1,1,2018.0,23541.1401075289,17367956.0,454.209368,16186000.0,15.5
PT,2019,5256608.541,233499,12,1,22.51233855819511,15.474996612695708,12.360933073426672,3.114063539269037,1,1,2019.0,23343.3628970034,22047878.978,536.98922,17283000.0,24.9
PT,2020,2106537.077,106042,12,1,19.86512020708776,14.560555961480583,11.571590521032341,2.9889654404482418,1,1,2020.0,22299.4044062173,6219531.061,280.010031636,4208000.0,24.8
PT,2021,2618841.0443,139336,12,1,18.79515017152782,14.77824242836806,11.84464356141162,2.9335988669564386,1,1,2021.0,24711.4510062111,8056494.578,500.44279,,53.6
PT,2022,4701147.923,226585,12,1,20.74783380629786,15.363317275794984,12.330875429445014,3.0324418463499714,1,1,2022.0,24620.5197587181,15664429.666,567.233466666,,81.0
PT,2023,5411970.693,251496,12,1,21.519112403378184,15.504123853069684,12.435182363822888,3.068941489246796,1,1,2023.0,27634.6183139773,18288977.0,568.97882,,83.0
PT,2024,5754618.4826,254903,12,1,22.575718930730513,15.56551330473472,12.448638359616252,3.116874945118469,1,1,2024.0,29328.3067415343,,,,65.0
PT,2025,6048430.2305,264392,12,1,22.87675205944204,15.61530933030683,12.485188129315828,3.130121200991003,1,1,,,,,,74.0
RO,2010,907166.999,85809,12,1,10.571933002365718,13.718081834530306,11.359879175079842,2.3582026594504635,0,0,2010.0,8399.5374234284,3733253.0,5.163786,7498000.0,14.0
RO,2011,870851.014,79251,12,1,10.988517671701302,13.677226189538882,11.280375309956447,2.396850879582435,0,0,2011.0,9560.6755277458,3659209.0,6.0952,7611000.0,13.0
RO,2012,833547.764,73878,12,1,11.282760280462384,13.633446284870029,11.210170363020927,2.423275921849103,1,1,2012.0,8929.95366231474,3593312.0,5.622633,7937000.0,7.0
RO,2013,820893.029,68076,12,1,12.058479185028498,13.618148086401167,11.128380007114567,2.4897680792865984,1,1,2013.0,9497.67411615237,3087143.0,5.25614,8019000.0,4.5
RO,2014,959315.616,70553,12,1,13.597091774977677,13.773975409209978,11.164119479410191,2.6098559297997865,1,1,2014.0,10031.7710755404,3067724.4,5.2917,8442000.0,6.0
RO,2015,976648.303,74158,12,1,13.16983067234823,13.791881889759294,11.213953231159785,2.5779286585995096,1,1,2015.0,8977.01748158196,3634598.0,4.7179,9331000.0,7.7
RO,2016,1144696.86,85890,12,1,13.327475375480267,13.950650408826016,11.36082268676027,2.5898277220657464,1,1,2016.0,9404.54005870715,3686938.0,4.2237,10223000.0,5.4
RO,2017,1324763.248,97868,12,1,13.536224792577757,14.096744320682435,11.491374910939784,2.605369409742651,1,1,2017.0,10727.9822007426,4423249.0,2.8045,10926000.0,5.8
RO,2018,1412622.346,102908,12,1,13.72704110467602,14.160958354888896,11.541590664183992,2.619367690704904,1,1,2018.0,12416.134317959,4908235.0,2.71,11720000.0,15.5
RO,2019,1474541.8530000001,104065,12,1,14.16943115360592,14.203857891371767,11.552770982892351,2.651086908479414,1,1,2019.0,12909.6104013244,5630289.0,3.334,12815000.0,24.9
RO,2020,635026.3640000001,48512,12,1,13.090088308047495,13.361421795123212,10.789566469002043,2.5718553261211685,1,1,2020.0,13009.1525348396,1786407.0,0.889334,5023000.0,24.8
RO,2021,881178.414,68644,12,1,12.836932783637318,13.689015397468665,11.136689007522193,2.552326389946471,1,1,2021.0,14908.0412813921,2719206.0,1.6239,,53.6
RO,2022,1300386.49345,96942,12,1,13.414067106620452,14.078172080899934,11.481868140504886,2.596303940395049,1,1,2022.0,15503.4691366242,2294598.0,2.7223,,81.0
RO,2023,1401466.62665,104412,12,1,13.422467021510938,14.153029836709806,11.556099890354025,2.5969299463557816,1,1,2023.0,18244.4186876321,2806654.333,2.33576,,83.0
RO,2024,1529282.18282,108345,12,1,14.11493084886243,14.240309021722345,11.593075859153057,2.647233162569288,1,1,2024.0,20080.2096215595,,,,65.0
RO,2025,1705074.7262,118300,12,1,14.413142233305155,14.349119495422634,11.680979049966478,2.6681404454561557,1,1,,,,,,74.0
RS,2010,212836.425,23793,12,0,8.945337914512672,12.268279191914475,10.077146698751429,2.191132493163047,0,0,,,,,,14.0
RS,2011,232948.196,24535,12,0,9.494526024047278,12.358571373063851,10.107855948524003,2.2507154245398473,0,0,,,,,,13.0
RS,2012,220690.417,24553,12,0,8.988327984360362,12.304516170368718,10.108589325349573,2.1959268450191454,1,0,,,,,,7.0
RS,2013,247054.05,25598,12,0,9.651302836159074,12.417362417582147,10.150269502415737,2.267092915166411,1,0,,,,,,4.5
RS,2014,332423.594,31487,12,0,10.557487026391843,12.714165320190505,10.3573300412176,2.356835278972907,1,0,,,,,,6.0
RS,2015,321784.995,31756,12,0,10.133045566192216,12.6816388841127,10.365836962845004,2.315801921267697,1,0,,,,,,7.7
RS,2016,351145.417,32384,12,0,10.843176167243083,12.768955710099462,10.385419752647138,2.3835359574523243,1,0,,,,,,5.4
RS,2017,389798.811,33438,12,0,11.657360218912615,12.87338601576875,10.417448256797591,2.455937758971158,1,0,,,,,,5.8
RS,2018,415187.436,34581,12,0,12.006229895029062,12.936485350260362,10.451059677269122,2.4854256729912403,1,0,,,,,,15.5
RS,2019,441112.44,37586,12,0,11.73608364816687,12.997055087917074,10.534386919616546,2.462668168300528,1,0,,,,,,24.9
RS,2020,214705.5,18896,12,0,11.362484123624048,12.277022600678954,9.846705538437144,2.4303170622418113,1,0,,,,,,24.8
RS,2021,326319.7923,26680,12,0,12.230876772863567,12.69563313749945,10.19166950002956,2.5039636374698904,1,0,,,,,,53.6
RS,2022,413706.5332,36629,12,0,11.294507990936143,12.932912144444701,10.508595555372908,2.4243165890717946,1,0,,,,,,81.0
RS,2023,549800.52185,44858,12,0,12.256465331713407,13.217310803876163,10.71125722393277,2.506053579943393,1,0,,,,,,83.0
RS,2024,584188.49846,45665,12,0,12.792915766122851,13.27797898106652,10.72908741912578,2.54889156194074,1,0,,,,,,65.0
RS,2025,644695.86276,47641,12,0,13.532374693226423,13.376533953967744,10.771449014012997,2.605084939954746,1,0,,,,,,74.0
SE,2010,2712322.596,254968,12,1,10.637894151422923,14.813315872295709,12.448893326069932,2.3644225462257773,0,0,2010.0,52542.5759090299,41153081.0,473.0,5183000.0,14.0
SE,2011,2930219.932,276261,12,1,10.6067086269868,14.890588040292272,12.529101350025869,2.3614866902664025,0,0,2011.0,60379.4814599322,46260220.0,495.0,11567000.0,13.0
SE,2012,2760838.804,272439,12,1,10.133787027554792,14.831045106013432,12.515170014815556,2.3158750911978747,1,1,2012.0,57749.5615420853,49192941.0,516.0,12372000.0,7.0
SE,2013,2860618.279,276215,12,1,10.35649142515794,14.86654834090072,12.5289348269548,2.3376135139459215,1,1,2013.0,60843.9888799369,51925707.0,592.0,10980000.0,4.5
SE,2014,2977914.519,277175,12,1,10.743806328132045,14.90673378765025,12.532404354640553,2.3743294330096982,1,1,2014.0,59583.4584491714,57789383.0,686.0,10522000.0,6.0
SE,2015,2994861.412,275632,12,1,10.865434390781912,14.912408515339184,12.52682192168615,2.3855865936530325,1,1,2015.0,51188.1652120493,58636668.0,594.0,6482000.0,7.7
SE,2016,3169466.754,282183,12,1,11.231954986657595,14.969073915299711,12.550311075622435,2.4187628396772762,1,1,2016.0,51703.5088332851,55672453.0,690.0,6782000.0,5.4
SE,2017,3361089.902,290325,12,1,11.57699096529751,15.027775854936236,12.57875626411396,2.449019590822277,1,1,2017.0,53210.2233318965,51825549.0,762.0,7054000.0,5.8
SE,2018,3347010.9220000003,283175,12,1,11.819584786792621,15.023578243408934,12.553820360068915,2.4697578833400198,1,1,2018.0,54018.4554391861,51473905.0,991.0,7440000.0,15.5
SE,2019,3234225.659,265249,12,1,12.193168151435067,14.98930009374116,12.488424286440848,2.500875807300313,1,1,2019.0,51648.9892820514,50957868.602,985.655671715528,7616000.0,24.9
SE,2020,1122096.052,111975,12,1,10.020951569546773,13.930708969243774,11.626030911075501,2.304678058168273,1,1,2020.0,52568.5726980146,14105839.7975,304.418496636947,1957000.0,24.8
SE,2021,1158204.2762,119817,12,1,9.666443628199671,13.962381325875455,11.693720857768136,2.2686604681073184,1,1,2021.0,60647.5416365347,20067143.633,348.598679007,,53.6
SE,2022,2140117.0298,190439,12,1,11.23780858857692,14.576371072325195,12.157087212296979,2.4192838600282154,1,1,2022.0,54836.8907235124,15229955.0,320.525,,81.0
SE,2023,2313916.8329499997,203851,12,1,11.351020269461516,14.654452245273104,12.225144613803186,2.429307631469918,1,1,2023.0,54950.2834725622,19554551.0,324.82,,83.0
SE,2024,2290323.87494,198304,12,1,11.549559640451024,14.644203795634931,12.197556485761835,2.4466473098730974,1,1,2024.0,57222.7100565003,,,,65.0
SE,2025,2248539.65048,188085,12,1,11.954912143339447,14.625791519229102,12.144649267292747,2.481142251936354,1,1,,,,,,74.0
SI,2010,119596.786,18331,12,1,6.52429141890786,11.691881247227887,9.816348894719365,1.8755323525085215,0,0,2010.0,23329.8417691156,979803.0,1.533,2049000.0,14.0
SI,2011,116584.854,17383,12,1,6.706831617097165,11.666374647377124,9.76324799612154,1.903126651255584,0,0,2011.0,24940.6284841605,972711.0,1.606,2236000.0,13.0
SI,2012,114948.507,15590,12,1,7.373220461834509,11.652239541851216,9.654384962051822,1.9978545797993938,1,1,2012.0,22442.1417859955,816630.0,1.126,2377000.0,7.0
SI,2013,121835.95,14916,12,1,8.168138240815232,11.710430746701405,9.610189741298711,2.100241005402693,1,1,2013.0,23236.9655321695,857000.0,0.988,2502000.0,4.5
SI,2014,108637.102,14761,12,1,7.359738635593795,11.595768267179,9.599743846536997,1.9960244206420032,1,1,2014.0,24013.0682060959,916981.0,1.098,2675000.0,6.0
SI,2015,111229.575,15834,12,1,7.024730011367942,11.61935158766715,9.669914805731379,1.9494367819357716,1,1,2015.0,20697.2748530619,1045409.0,0.8,3022000.0,7.7
SI,2016,101087.006,15485,12,1,6.528059799806264,11.52373687053669,9.647627092407303,1.8761097781293867,1,1,2016.0,21447.8377796036,1009559.0,0.41874,3397000.0,5.4
SI,2017,114442.826,17255,12,1,6.632444277021153,11.647830641022031,9.755857235532103,1.891973405489927,1,1,2017.0,23303.077705959,1087075.0,0.5664,3991000.0,5.8
SI,2018,125559.104,18013,12,1,6.970471548326209,11.740531874899846,9.798848998423558,1.941682876476287,1,1,2018.0,25888.0481065655,1094762.0,0.54284,4425000.0,15.5
SI,2019,116613.931,16370,12,1,7.123636591325595,11.66662402260565,9.70320567036518,1.9634183522404696,1,1,2019.0,25814.1687167572,869640.1,0.35950656,4702000.0,24.9
SI,2020,34286.824,6792,12,1,5.048118963486455,10.442516419411692,8.823500727991183,1.6190156914205092,1,1,2020.0,25392.0651093612,78565.0,,1216000.0,24.8
SI,2021,48289.705350000004,8926,12,1,5.410005080663232,10.784973677171607,9.096723645189215,1.6882500319823912,1,1,2021.0,29192.8401933019,21037.0,,,53.6
SI,2022,78803.63859999999,11182,12,1,7.047365283491325,11.274714449906835,9.32206062158659,1.952653828320245,1,1,2022.0,28360.3041467268,1866.0,,,81.0
SI,2023,90514.66965,12139,12,1,7.456517806244336,11.413267212132059,9.404178688897805,2.0090885232342552,1,1,2023.0,32660.4753581346,,,,83.0
SI,2024,97452.86521999999,13004,12,1,7.494068380498308,11.487124106453196,9.473012281423795,2.0141118250293997,1,1,2024.0,34301.0318686594,,,,65.0
SI,2025,103102.88252,13728,12,1,7.510408108974359,11.543482628101126,9.527192821727743,2.0162898063733827,1,1,,,,,,74.0
SK,2010,140983.995,17565,12,1,8.026415883859949,11.856401652279187,9.773663564699927,2.08273808757926,0,0,2010.0,16899.448680529,74856.0,0.0,,14.0
SK,2011,139746.75699999998,16388,12,1,8.527383268245057,11.847587185023581,9.70430463866676,2.1432825463568186,0,0,2011.0,18469.4354316836,34859.0,0.0,,13.0
SK,2012,122197.227,14353,12,1,8.513706333170765,11.713391633154465,9.57171425857138,2.141677374583085,1,1,2012.0,17516.9691054078,45111.0,0.0,,7.0
SK,2013,115144.069,13116,12,1,8.778901265629765,11.653939397191962,9.48158813796454,2.1723512592274234,1,1,2013.0,18312.7805149823,64008.0,0.0,12583000.0,4.5
SK,2014,122977.861,13248,12,1,9.28274916968599,11.719759626284155,9.49160187662504,2.2281577496591143,1,1,2014.0,18770.9289896545,29031.5983,,11556000.0,6.0
SK,2015,147300.414,15144,12,1,9.726651743264659,11.900229413037403,9.625359692889159,2.2748697201482444,1,1,2015.0,16442.0760860018,11098.0,,14936000.0,7.7
SK,2016,156178.552,15649,12,1,9.980097897629241,11.958755195820121,9.658162296163171,2.3005928996569485,1,1,2016.0,16636.0769133073,12928.0,,17376000.0,5.4
SK,2017,169506.608,16797,12,1,10.091481097815086,12.040647190293475,9.728955578017002,2.3116916122764715,1,1,2017.0,17645.5298716761,7925.0,,15406000.0,5.8
SK,2018,188553.329,18219,12,1,10.349268840221747,12.14713615832486,9.810220284565686,2.3369158737591755,1,1,2018.0,19573.3717031314,,,15299000.0,15.5
SK,2019,190339.29200000002,17614,12,1,10.806136709435677,12.15656350595986,9.776449319365405,2.3801141865944553,1,1,2019.0,19406.0589683582,,0.0,,24.9
SK,2020,56340.983,7645,12,1,7.369651144538914,10.939177488917489,8.941807118363164,1.9973703705543253,1,1,2020.0,19735.4858280801,2669.0,,,24.8
SK,2021,69957.0048,8786,12,1,7.9623269747325285,11.155636115180014,9.080914824535725,2.0747212906442885,1,1,2021.0,22123.3342114545,8900.0,,,53.6
SK,2022,138968.33990000002,14141,12,1,9.827334693444595,11.84200141566559,9.556833658307777,2.2851677573578146,1,1,2022.0,21317.7943982363,1925.454,,,81.0
SK,2023,156002.97905,15314,12,1,10.186951746767663,11.957630382523698,9.63652272167307,2.321107660850629,1,1,2023.0,24614.8734642794,,,,83.0
SK,2024,179898.37658,16750,12,1,10.740201586865672,12.100147395884568,9.726153537253213,2.3739938586313545,1,1,2024.0,25992.6748502048,,,,65.0
SK,2025,207636.62944,17919,12,1,11.587512106702382,12.243544857098954,9.793616881400416,2.4499279756985373,1,1,,,,,,74.0
TR,2010,8575846.868,417444,12,0,20.54370614501586,15.964460306256436,12.941905682540055,3.022554623716382,0,0,,,,,,14.0
TR,2011,9807723.396,469544,12,0,20.88776216073467,16.09868073488443,13.059517289959231,3.039163444925198,0,0,,,,,,13.0
TR,2012,10294914.475,496041,12,0,20.754160391983728,16.14716059097873,13.114413863581131,3.0327467273975977,1,0,,,,,,7.0
TR,2013,11571505.593,557370,12,0,20.76090495182733,16.264056219744432,13.230984571268326,3.033071648476106,1,0,,,,,,4.5
TR,2014,12911263.651999999,607756,12,0,21.244156622065432,16.37361063967487,13.317528764610097,3.05608187506477,1,0,,,,,,6.0
TR,2015,13930870.58,653337,12,0,21.322641423951193,16.44961784057271,13.38984835476774,3.0597694858049693,1,0,,,,,,7.7
TR,2016,13503712.909,638789,12,0,21.139551415256054,16.418475235891055,13.367329475387631,3.051145760503424,1,0,,,,,,5.4
TR,2017,14341984.968,656980,12,0,21.830169819477,16.478701805313662,13.395408855603094,3.0832929497105686,1,0,,,,,,5.8
TR,2018,15436169.565,688763,12,0,22.411438426570534,16.552223986614294,13.442652514044275,3.10957147257002,1,0,,,,,,15.5
TR,2019,16553071.922,673240,12,0,24.587178304913554,16.62208225718544,13.419857157240102,3.202225099945337,1,0,,,,,,24.9
TR,2020,7652521.202,331350,12,0,23.094978729440168,15.85054572039571,12.710930497516372,3.1396152228793373,1,0,,,,,,24.8
TR,2021,11497783.87215,484647,12,0,23.724038056874384,16.25766486799358,13.09117606986755,3.1664887981260277,1,0,,,,,,53.6
TR,2022,15643239.1276,610384,12,0,25.628520943537183,16.565549376983356,13.321843546289045,3.243705830694311,1,0,,,,,,81.0
TR,2023,18324151.056,708778,12,0,25.8531600247186,16.723730477569724,13.47129763941659,3.2524328381531324,1,0,,,,,,83.0
TR,2024,19704412.70136,730378,12,0,26.978376541133493,16.796353163617976,13.501317487327338,3.2950356762906403,1,0,,,,,,65.0
TR,2025,20619464.03172,776071,12,0,26.569043337168896,16.841746043573178,13.56199928982532,3.27974675374786,1,0,,,,,,74.0
XK,2010,100126.507,7828,12,0,12.790815917220234,11.51418973544341,8.965462328515967,2.548727406927443,0,0,,,,,,14.0
XK,2011,100375.141,8060,12,0,12.453491439205957,11.51666985598033,8.994668835500674,2.522001020479656,0,0,,,,,,13.0
XK,2012,101456.878,8143,12,0,12.459398010561218,11.52738913990016,9.004913941467132,2.5224751984330283,1,0,,,,,,7.0
XK,2013,104592.777,8384,12,0,12.475283516221374,11.557829774691369,9.034080406560824,2.523749368130546,1,0,,,,,,4.5
XK,2014,86919.182,6993,12,0,12.429455455455455,11.372734023373482,8.852664927703866,2.5200690956696157,1,0,,,,,,6.0
XK,2015,93592.994,7403,12,0,12.642576523031204,11.4467108092369,8.909640602443098,2.5370702067938016,1,0,,,,,,7.7
XK,2016,104518.342,7926,12,0,13.186770375977796,11.557117856516001,8.97790377375038,2.5792140827656214,1,0,,,,,,5.4
XK,2017,108432.069,8115,12,0,13.361930868761553,11.593879163719206,9.00146947994869,2.592409683770515,1,0,,,,,,5.8
XK,2018,122646.053,8818,12,0,13.908602063960082,11.717057868165963,9.084550365917883,2.632507502248079,1,0,,,,,,15.5
XK,2019,130678.222,9518,12,0,13.729588358898928,11.780493259867933,9.160940021681055,2.6195532381868767,1,0,,,,,,24.9
XK,2020,71244.329,5195,12,0,13.71401905678537,11.173870501980751,8.555451903533328,2.6184185984474233,1,0,,,,,,24.8
XK,2021,139873.64265,9607,12,0,14.559554767357135,11.848494741545695,9.170247278409738,2.6782474631359556,1,0,,,,,,53.6
XK,2022,164934.56765,11350,12,0,14.531679969162997,12.013304114535158,9.336973022909548,2.676331091625609,1,0,,,,,,81.0
XK,2023,176086.07935,12140,12,0,14.504619386326196,12.078728241672028,9.40426106461349,2.6744671770585398,1,0,,,,,,83.0
XK,2024,202715.96798000002,13931,12,0,14.551429759529109,12.219561105755744,9.541871851706224,2.6776892540495196,1,0,,,,,,65.0
XK,2025,228548.46286,15416,12,0,14.825406257135443,12.339503558119247,9.643161210094203,2.6963423480250444,1,0,,,,,,74.0
