country,year,gdp_pc,air_psgr,air_freight,tourism
ALB,2010,4149.14469936847,768533.0,0.0,2417000.0
ALB,2011,4465.70914328865,829778.923870707,0.0,2932000.0
ALB,2012,4280.93316338873,814339.730278696,0.0,3514000.0
ALB,2013,4542.92903556739,865848.0,0.0,3256000.0
ALB,2014,4793.59751131525,151632.0,,3673000.0
ALB,2015,4199.53912925398,,,4131000.0
ALB,2016,4457.63412207495,26634.0,,4736000.0
ALB,2017,5006.36012951959,204090.0,,5118000.0
ALB,2018,5897.65452588774,303137.0,0.0,5927000.0
ALB,2019,6069.43903131027,307741.0,0.0,6406000.0
ALB,2020,6027.91350716348,124714.0,,2658000.0
ALB,2021,7242.45513146613,193259.0,,
ALB,2022,7756.96188744253,332534.0,,
ALB,2023,9740.7023414631,374800.0,,
ALB,2024,11374.0085781236,,,
ARM,2010,3041.34450723339,704753.0,5.9795,684000.0
ARM,2011,3349.55309771906,392312.0,4.4857,758000.0
ARM,2012,3511.56399687426,364733.0,3.0115,963000.0
ARM,2013,3680.16692158886,45000.0,0.999996,1084000.0
ARM,2014,3852.11800610384,0.0,0.0,1204000.0
ARM,2015,3512.39350276709,,,1192000.0
ARM,2016,3524.42476874707,,,1260000.0
ARM,2017,3869.05373867752,,,1495000.0
ARM,2018,4196.00562301769,53259.0,0.0,1652000.0
ARM,2019,4597.22887399548,193668.0,0.3265,1894000.0
ARM,2020,4268.68093304583,54940.0,0.11692,375000.0
ARM,2021,4685.17997128509,179200.0,1.347896,
ARM,2022,6571.97445545099,268520.0,2.381267,
ARM,2023,8159.08720967996,1311506.0,15.680592,
ARM,2024,8556.21406956719,,,
AT,2010,46611.1393420232,13493793.0,357.885,22004000.0
AT,2011,51116.8953522042,14088251.6640568,383.371,23012000.0
AT,2012,48250.4059142637,14518841.0529716,322.104,24151000.0
AT,2013,50305.3545774973,15037454.0,326.399,24813000.0
AT,2014,51314.9722616322,15210489.0,369.955,25291000.0
AT,2015,43915.228020857,14718641.0,351.379,26728000.0
AT,2016,45061.4993920192,14724774.0,387.739,28121000.0
AT,2017,47163.7425775142,16171640.0,391.268,29460000.0
AT,2018,51194.0749841299,12935505.0,373.511,30816000.0
AT,2019,49885.9947355204,46476602.0,320.036527,31884000.0
AT,2020,48716.4098900349,13285414.0,74.560823,15091000.0
AT,2021,53648.6437976214,18901048.0,125.155714,
AT,2022,52336.7725223758,40099423.0,205.311831,
AT,2023,56579.504175468,46040215.0,207.835176,
AT,2024,58268.8787651601,,,
BE,2010,44197.393671162,7528586.30424955,1067.351,7186000.0
BE,2011,47760.8298776546,8638553.1,1241.293,7494000.0
BE,2012,44874.1709182123,9508165.31494536,1369.89982037629,7560000.0
BE,2013,46964.5946777056,9521421.0,1560.81076,7684000.0
BE,2014,47995.7786961339,10535219.0,1596.3044,7887000.0
BE,2015,40893.804537772,11473055.0,1479.9763156,8355000.0
BE,2016,41854.5498296444,12545322.0,1505.4059084,7481000.0
BE,2017,44035.3239358548,13676844.0,1574.378609,8385000.0
BE,2018,47487.2100392561,13639487.0,1285.344187,9119000.0
BE,2019,46716.6227467964,14279187.0,1353.426977272,9343000.0
BE,2020,45906.2875805246,3520849.848,1265.065943534,2584000.0
BE,2021,51658.238294958,5404284.479,1827.413026121,
BE,2022,50639.0264882739,10165432.504,1687.38336494,
BE,2023,55244.68145811,11390665.4189623,1831.4766060564,
BE,2024,56581.9375642531,,,
BG,2010,6854.2987837778,801840.0,2.13518,8374000.0
BG,2011,7849.98219737366,932868.0,2.29862,8713000.0
BG,2012,7432.33753378983,973062.0,1.93406,8867000.0
BG,2013,7796.37945241455,1013220.0,1.731,9192000.0
BG,2014,8070.01289303544,1060147.0,1.722,9409000.0
BG,2015,7269.02586513711,1063498.0,1.53095,9317000.0
BG,2016,7822.89886431732,1092333.0,1.76924764650873,10604000.0
BG,2017,8697.13373333715,1133069.0,1.71896,11596000.0
BG,2018,9849.88769989118,1022645.0,1.375,12368000.0
BG,2019,10354.2500414088,832828.0,1.257,12552000.0
BG,2020,10760.7616180234,443067.0,1.022,4973000.0
BG,2021,12966.8085197381,41126.0,0.058087,
BG,2022,13999.9113358453,643765.0,0.86071,
BG,2023,15854.0192893772,723825.0,0.626,
BG,2024,17596.9167621233,,,
BIH,2010,4506.47828548389,56485.161815801,0.00133914808477711,365000.0
BIH,2011,4982.69375768263,40182.4397667535,0.00107131846782169,392000.0
BIH,2012,4693.78899115381,24874.0896320184,0.000781857938806923,439000.0
BIH,2013,5034.56634817068,15000.0,0.000528,529000.0
BIH,2014,5206.06573475132,36636.0,0.000408,536000.0
BIH,2015,4662.25869219448,7071.0,8.7e-05,678000.0
BIH,2016,4928.5665903114,,,778000.0
BIH,2017,5345.01978766473,,,923000.0
BIH,2018,6047.84707207392,,0.0,1053000.0
BIH,2019,6122.37541352353,5375.0,0.0,1198000.0
BIH,2020,6130.31187968266,1593.0,,197000.0
BIH,2021,7295.34378682258,,,
BIH,2022,7655.59421024383,,,
BIH,2023,8663.02326458629,,,
BIH,2024,9397.90942855997,,,
CY,2010,31105.02734375,1583627.0,36.2141,2450000.0
CY,2011,32485.8046875,1263117.0,16.9749,2626000.0
CY,2012,28991.9296875,1285976.0,9.1093,2635000.0
CY,2013,27764.7265625,1211208.0,11.592996,2626000.0
CY,2014,26993.095703125,688368.0,6.588588,2558000.0
CY,2015,23088.4296875,23405.0,0.23060058,2780000.0
CY,2016,24280.044921875,224653.0,0.285895446767606,3286000.0
CY,2017,26247.46484375,711554.0,0.34031950189,3750000.0
CY,2018,29120.38671875,401408.0,0.021,4024000.0
CY,2019,29227.16796875,395436.0,0.14,4117000.0
CY,2020,28130.330078125,104559.0,0.328962,
CY,2021,32937.8359375,103016.0,0.105655573,
CY,2022,33231.05078125,440203.0,0.166,
CY,2023,36623.70703125,724062.0,0.369485,
CY,2024,38674.3125,,,
CZ,2010,20160.4355077059,5145187.0,17.987,21941000.0
CZ,2011,22049.1080788682,4902816.0,16.721,22810000.0
CZ,2012,20014.0354015165,3594882.0,11.102,25750000.0
CZ,2013,20260.4954999375,5186676.0,19.929,26332000.0
CZ,2014,20038.4163180257,5009995.0,30.81553,27166000.0
CZ,2015,17931.5987670768,3378028.0,26.71765,29604000.0
CZ,2016,18753.9686718096,4048658.0,25.294469,32519000.0
CZ,2017,20913.197632212,5450671.0,27.81465,34701000.0
CZ,2018,23705.9329811299,8851291.0,25.22637,36268000.0
CZ,2019,24062.7190013343,5446163.2,22.73254,37202000.0
CZ,2020,23472.8915454417,929888.181,4.323665454,
CZ,2021,27696.4619527544,1418032.0,0.47308,
CZ,2022,28282.2236715857,2176800.0,0.08832,
CZ,2023,31761.5944102491,2175763.454,0.040745454,
CZ,2024,31827.7552539413,,,
DE,2010,42396.9665976293,97330734.2807591,7487.48100076523,26875000.0
DE,2011,47630.9761883572,107042775.791182,7716.76190298526,28374000.0
DE,2012,44718.0159214069,105978474.526384,7236.98063027006,30411000.0
DE,2013,47206.8353514242,109062321.51578,7335.69940204315,31545000.0
DE,2014,48959.5991203133,112353098.59355,7184.14620802563,32999000.0
DE,2015,41929.7549110722,117222850.0,6986.405444999,34970000.0
DE,2016,42948.9381932694,116713587.0,6942.706331998,35555000.0
DE,2017,45553.9341495339,114160685.0,7901.65234423,37452000.0
DE,2018,48916.1686612154,109796202.17431,7969.86364,38881000.0
DE,2019,47656.199739747,109633750.727,7763.61921423928,39563000.0
DE,2020,47394.8734504469,25758450.0,9166.3712826,12449000.0
DE,2021,52349.2459994422,33073180.0,11533.04853603,
DE,2022,50506.5179638543,69045135.0,12857.217948,
DE,2023,54776.7668235491,80199572.0,12766.528681,
DE,2024,56103.7323182554,,,
DK,2010,58104.5445594981,,,26730000.0
DK,2011,61809.737898222,,,25811000.0
DK,2012,58443.7747103968,,,26402000.0
DK,2013,61377.5940590412,,,26516000.0
DK,2014,62520.4509747011,,,28070000.0
DK,2015,53094.0133607574,,,28209000.0
DK,2016,54500.9260410217,,,28692000.0
DK,2017,57521.5514992225,,,30736000.0
DK,2018,61324.7665045565,,,30801000.0
DK,2019,59404.2663247723,,,33093000.0
DK,2020,60985.4885601514,,,15595000.0
DK,2021,69340.7334922138,,,
DK,2022,67781.0940939514,,,
DK,2023,68043.5466971243,,,
DK,2024,71026.4832271897,,,
EE,2010,14663.7041018705,582320.202753145,4.148,4369000.0
EE,2011,17555.5455239426,614933.0,4.871,4907000.0
EE,2012,17568.2137969714,914519.0,2.252,5007000.0
EE,2013,19310.3874900757,627588.0,0.108996,5737000.0
EE,2014,20581.7898991695,602880.0,0.900996,5804000.0
EE,2015,17722.1557669523,512389.0,0.870362136,5696000.0
EE,2016,18666.3736521706,372274.0,0.003,5942000.0
EE,2017,20851.5223496861,13103.0,,6145000.0
EE,2018,23618.1361254581,62802.0,0.0,6033000.0
EE,2019,24021.2501413306,857.0,0.0,6103000.0
EE,2020,23933.9939421065,,,1695000.0
EE,2021,27951.1659277744,,,
EE,2022,28340.3826549406,,,
EE,2023,30264.0064885057,,,
EE,2024,31428.3547816104,,,
ES,2010,30658.7422282912,52847712.6083233,1235.86488460144,93744000.0
ES,2011,31824.6219134777,52736140.9250126,1313.29316795807,99187000.0
ES,2012,28456.4438151477,48089178.327112,1131.85052008716,98128000.0
ES,2013,29228.846559842,48056735.818,957.997754181,103231000.0
ES,2014,29707.765509467,53069339.0,962.636446,107144000.0
ES,2015,25982.4416197775,60564041.0,1035.487113,109834000.0
ES,2016,26755.6061149398,66674868.0,1068.160640636,115561000.0
ES,2017,28381.3425596906,71598374.0,1078.63356,121717000.0
ES,2018,30602.4212881113,80706703.0,1118.73285,124456000.0
ES,2019,29786.5245689007,88237165.272,1191.466578,126170000.0
ES,2020,27233.9426461608,26557077.999,494.260587847,36410000.0
ES,2021,30799.4775937775,43440479.727,850.819356,
ES,2022,30319.4987196616,80908169.2,956.252026,
ES,2023,33493.2225409111,94101520.461,1130.88259932,
ES,2024,35326.7683069278,,,
FI,2010,46506.2919016566,8685772.86832543,728.823996721215,3670000.0
FI,2011,51060.3242589767,9508050.0,740.085265,4192000.0
FI,2012,47551.6740841369,10731828.4925915,690.866320824715,4226000.0
FI,2013,49691.0145200739,10467321.0,660.802462,2797000.0
FI,2014,50073.7760815871,10992792.0,667.07538,2731000.0
FI,2015,42560.3456767103,13035848.0,713.484,2622000.0
FI,2016,43451.2562442158,13754228.0,761.85394,2789000.0
FI,2017,46085.0174739036,12209646.0,852.01263,3180000.0
FI,2018,49654.2497035329,13364839.0,957.63859,3224000.0
FI,2019,48358.1807773701,14610547.0,1067.31511,3290000.0
FI,2020,48828.6846862799,3500299.0,480.37919,896000.0
FI,2021,53099.1351400148,2805555.0,750.28925,
FI,2022,50440.560224974,9040754.0,788.58557,
FI,2023,52864.6931581216,10794518.0,816.39281,
FI,2024,53155.5451165897,,,
FR,2010,40694.8211697025,60864422.1135135,5079.71814764909,189826000.0
FR,2011,43929.7840873812,64185339.3411299,5068.76226392762,196595000.0
FR,2012,40863.5814412333,64683769.0243213,4626.15380961188,197522000.0
FR,2013,42669.1795111893,63925151.0,4327.126,204410000.0
FR,2014,43148.0459288416,63434263.0,4151.293,206599000.0
FR,2015,36702.4323733379,65039503.0,4098.31,203302000.0
FR,2016,37024.2157133669,65362743.0,4155.407,203042000.0
FR,2017,38687.1626407164,68316473.0,4260.597,207274000.0
FR,2018,41418.1766484844,70188028.0,4443.789,211998000.0
FR,2019,40408.2848574751,71289277.0,4522.586,217877000.0
FR,2020,39169.8606000707,24956343.0,2467.943,117109000.0
FR,2021,43725.0999521245,32000528.0,4107.03,
FR,2022,40988.6396406579,59323269.0,4090.1,
FR,2023,44700.1384177544,64644716.0,4301.69,
FR,2024,46103.0840855884,,,
GB,2010,39778.3220528565,101515720.193399,6082.73941307418,30398000.0
GB,2011,42295.9273835322,111598546.141229,6280.25098328964,31886000.0
GB,2012,42688.3263728372,115419920.565667,6243.54285285133,32221000.0
GB,2013,43607.6636827371,118605866.0,6031.574712,33567000.0
GB,2014,47746.9810645521,124901676.052681,5974.825151208,35337000.0
GB,2015,45256.040227057,131512994.0,5423.17313862741,36792000.0
GB,2016,41258.5374285695,143781714.0,5512.672996428,39129000.0
GB,2017,40918.0520870944,151159067.0,5915.641,41080000.0
GB,2018,43704.3162296687,165388610.0,6198.37,40283000.0
GB,2019,43160.6843971799,142392528.0,5851.19,40857000.0
GB,2020,40815.1255364787,30237827.0,3667.467,11101000.0
GB,2021,47695.6491523474,26631932.0,4097.09,
GB,2022,47034.7795621476,95908282.0,4019.826,
GB,2023,49919.6896621586,118945920.0,4413.895,
GB,2024,53341.3131094262,,,
GEO,2010,3281.72930937343,164446.0,0.879364,2032000.0
GEO,2011,4119.66818307193,222630.0,0.929,2712000.0
GEO,2012,4530.69533409431,178363.0,0.43518,4106000.0
GEO,2013,4712.00229382665,189316.0,0.4,4954000.0
GEO,2014,4830.33486170249,196589.0,0.4162,5004000.0
GEO,2015,4086.6223465965,232263.0,0.18504,5256000.0
GEO,2016,4143.40125686315,220448.0,0.18050796,5393000.0
GEO,2017,4418.75206546679,341751.0,0.4784,6483000.0
GEO,2018,4804.0546040444,516034.0,0.7509,7203000.0
GEO,2019,4741.2832715876,509913.0,0.640604,7726000.0
GEO,2020,4300.85701291207,72906.0,0.1347,1513000.0
GEO,2021,5083.60695484577,84591.0,0.11335,
GEO,2022,6729.84659930283,167072.0,5.059349,
GEO,2023,8283.66960652261,320810.0,0.22139,
GEO,2024,8967.67525638987,,,
GR,2010,26653.0488008626,10352657.531181,4.85169832333462,
GR,2011,25504.7866510124,9569211.41941763,4.18568526670255,
GR,2012,21624.346052551,8785275.45592775,2.31403046797287,
GR,2013,21573.3449762805,8761116.0,0.593232,20112000.0
GR,2014,21474.7257123892,11152236.0,19.359432,24272000.0
GR,2015,17980.7298238137,11237054.0,26.10771098,26114000.0
GR,2016,17919.2426377048,12689082.0,23.993,28071000.0
GR,2017,18631.9930129293,13852857.0,23.525,30161000.0
GR,2018,19873.4015238771,15125933.5152598,21.909,33072000.0
GR,2019,19335.3602002969,16124738.33,23.90576,34005000.0
GR,2020,17886.733165236,5647917.0,10.09844,7406000.0
GR,2021,20652.89659591,8726345.0,12.4593,
GR,2022,20884.6773436263,15309117.0,18.188,
GR,2023,23343.7103964562,19090513.0,16.0232,
GR,2024,24626.1481858973,,,
HR,2010,13729.7472872883,1577226.0,1.516001,49006000.0
HR,2011,14691.591757962,1812519.0,1.67474,49969000.0
HR,2012,13507.6349882758,1872799.0,1.738189,47185000.0
HR,2013,14135.0903485872,1716702.0,1.47223,48345000.0
HR,2014,14186.7712230471,1756070.0,0.97639,51168000.0
HR,2015,12283.8750299177,1782666.0,0.77532,55858000.0
HR,2016,12820.1872746645,1875433.0,0.65658,57587000.0
HR,2017,13901.6498657787,2057804.0,0.58275,59238000.0
HR,2018,15460.4560798984,2093577.0,0.52979,57668000.0
HR,2019,15563.7354996625,2108591.0,0.4406,60021000.0
HR,2020,14807.5559227544,608458.0,0.17935,21608000.0
HR,2021,17788.7601163765,767762.0,0.14853,
HR,2022,18465.531473659,1404393.0,0.19011,
HR,2023,22183.4982258492,1670012.0,0.14608,
HR,2024,24049.9441746337,,,
HU,2010,13189.8433874768,12477063.1762511,5.60895570713066,39904000.0
HU,2011,14211.460557822,13729553.5346856,5.85295,41304000.0
HU,2012,12950.1594488143,12289555.0764284,0.467678756906942,43565000.0
HU,2013,13739.4620151401,13926540.0,0.0,43611000.0
HU,2014,14352.501883174,16482060.0,,45984000.0
HU,2015,12782.9412577973,20043787.0,,48345000.0
HU,2016,13215.8605277789,21399963.0,,52890000.0
HU,2017,14736.1668157258,26066294.0,,54962000.0
HU,2018,16605.0570511887,31226848.0,0.0,57667000.0
HU,2019,17012.8598553199,39803373.0,0.0,61397000.0
HU,2020,16386.9308821258,14597294.0,,31641000.0
HU,2021,19030.628130329,20127200.0,,
HU,2022,18428.028825614,41287305.0,133.284359,
HU,2023,22208.6509820466,55613579.0,145.08106,
HU,2024,23305.4482514359,,,
IE,2010,48623.9666422487,84784226.0,138.475121701,7134000.0
IE,2011,52613.8540355689,89956333.5096866,123.452121701029,7630000.0
IE,2012,49335.8408099555,92637189.1903926,123.110099893906,7550000.0
IE,2013,52537.6108648692,93408036.0,118.253832,8260000.0
IE,2014,57214.5379785709,98449140.0,126.164748,8813000.0
IE,2015,64250.1385181257,115928738.0,138.58,9528000.0
IE,2016,64129.5571542383,134065078.0,118.207,10100000.0
IE,2017,72161.4047531385,153944513.0,154.38504,10338000.0
IE,2018,80804.1123164826,167598633.0,168.7117,10926000.0
IE,2019,81827.6688873996,170161848.0,174.5404,10951000.0
IE,2020,86514.0706108754,54582262.0,131.775022,
IE,2021,103783.446284479,74065210.0,86.36447,
IE,2022,105190.685952731,169377735.0,128.63663,
IE,2023,106818.917130804,192528432.0,430.49445,
IE,2024,112894.953240805,,,
IT,2010,35856.8625485539,32645164.0,784.96985,73225000.0
IT,2011,38432.3742820019,33923370.5051058,760.26837,75866000.0
IT,2012,34854.3949441965,31072962.155732,795.11615,76293000.0
IT,2013,35701.6746002376,27846220.0,892.930674,76762000.0
IT,2014,36028.3494022349,27193939.0,989.179882,77694000.0
IT,2015,30639.8829751432,28603919.0,945.2649666,81068000.0
IT,2016,31391.5692898108,29120041.0,1083.244836,84925000.0
IT,2017,32844.115660604,26288001.0,1437.245062,89931000.0
IT,2018,35062.3364176949,27243741.0,1418.004731,93228601.5625
IT,2019,33812.788724868,27760301.0,1344.955151,95399000.0
IT,2020,32091.4866621366,7801490.0,978.76063,38419000.0
IT,2021,36852.5425414951,2449339.0,1150.691582,
IT,2022,35653.9042103495,14670031.959,1587.2563751,
IT,2023,39279.699782164,20264734.0,1120.9870294,
IT,2024,40429.6224047352,,,
LIE,2010,141089.812849014,,,64300.0030517578
LIE,2011,158066.369379163,,,67000.0
LIE,2012,148842.035144342,,,62400.0015258789
LIE,2013,172823.607794648,,,59599.9984741211
LIE,2014,178735.153020908,,,61299.9992370605
LIE,2015,167187.15730982,,,56700.0007629395
LIE,2016,165375.491396259,,,69099.9984741211
LIE,2017,170547.092298954,,,79300.0030517578
LIE,2018,174988.775083446,,,85300.0030517578
LIE,2019,166907.839305016,,,98099.9984741211
LIE,2020,164671.093553454,,,58400.0015258789
LIE,2021,201944.830335076,,,
LIE,2022,188055.003235348,,,
LIE,2023,206780.590353385,,,
LIE,2024,220167.225473557,,,
LT,2010,11829.122609457,81450.0,2.6402227027027,4073000.0
LT,2011,14261.8433787325,69445.0,2.291,4504000.0
LT,2012,14288.1853493139,592996.0,3.056,4979000.0
LT,2013,15636.5252586048,1009728.0,4.99992,5264000.0
LT,2014,16446.1647181663,1274911.0,0.471265,5217000.0
LT,2015,14269.8039878287,1363946.0,0.56564667,5048000.0
LT,2016,14934.2702840428,1046012.0,0.472,5322000.0
LT,2017,16800.1510246099,1069268.0,0.472,5590000.0
LT,2018,19247.2315367967,26031.0,0.0,6115000.0
LT,2019,19608.7943945553,40944.0,0.0,6150000.0
LT,2020,20428.6478157394,35027.0,2.80719338834438,2284000.0
LT,2021,23882.8668916753,11289.0,,
LT,2022,24946.5724005188,29256.0,1.01307936,
LT,2023,27983.3658256887,,1.689037593,
LT,2024,29603.7772588256,,,
LU,2010,110885.991378721,786920.0,4573.109,805000.0
LU,2011,119025.057203467,785200.0,4653.873,874000.0
LU,2012,112584.676270958,781146.0,4402.974,950000.0
LU,2013,120000.140729859,1555788.0,5224.838626,945000.0
LU,2014,123678.706919314,1710624.0,5753.111628,1038000.0
LU,2015,105462.012584423,1830972.0,6309.473324,1090000.0
LU,2016,106899.293549552,1845726.0,6877.761503,1054000.0
LU,2017,110193.213797228,1901012.0,7321.11217,1046000.0
LU,2018,116926.759593905,2099102.0,7323.03958,1018000.0
LU,2019,112696.649059674,2114417.0,7188.04334,1041000.0
LU,2020,116860.02817236,753114.0,7344.759036,525000.0
LU,2021,134965.815442152,1081478.0,8588.53476,
LU,2022,123719.658915996,2060543.0,7988.843824,
LU,2023,133230.619178899,2457682.909,6873.237812727,
LU,2024,137781.681659123,,,
LV,2010,11188.4191700977,3158051.0,5.483,5042000.0
LV,2011,12902.574053337,3299391.0,5.313543,5538000.0
LV,2012,13329.3499931271,2888683.0,4.057,5569000.0
LV,2013,14484.4715282132,2754720.0,3.759996,5822000.0
LV,2014,15185.814581236,2636612.75889877,3.510996,6246000.0
LV,2015,13321.9753140616,2527368.0,2.277996,6842000.0
LV,2016,13838.5266823272,2843133.0,2.157,6797000.0
LV,2017,15132.4958333982,3441024.0,2.83108,7726000.0
LV,2018,17252.1710428626,4058762.0,4.01487,7775000.0
LV,2019,17294.9751600969,4976410.0,5.1637624,8342000.0
LV,2020,17564.2321549354,1323070.0,4.32123,3204000.0
LV,2021,20261.8887788916,1598685.0,2.31822,
LV,2022,20221.103686109,3664379.764,25.26366546,
LV,2023,22710.2637544197,4475904.0,2.3673,
LV,2024,23578.9663562625,,,
MCO,2010,161853.922745228,59658.0,0.0,279000.0
MCO,2011,179364.009524397,63186.0,0.0,295000.0
MCO,2012,165444.625782803,65404.3636363636,0.0,292000.0
MCO,2013,184940.633666281,64524.0,0.0,328000.0
MCO,2014,195693.519540544,64188.0,,329000.0
MCO,2015,170437.021128628,60382.0,,331000.0
MCO,2016,173604.669723126,12137.0,,336000.0
MCO,2017,170663.470051177,316.0,,355000.0
MCO,2018,188298.389694191,316.0,0.0,347000.0
MCO,2019,193746.729890885,316.0,0.0,363000.0
MCO,2020,176891.806328966,,,159000.0
MCO,2021,223823.327192464,,,
MCO,2022,226052.060664649,,,
MCO,2023,256799.911212051,,,
MCO,2024,288001.574856495,,,
MDA,2010,2436.79935102421,479457.0,1.00226,64000.0
MDA,2011,2941.36224066021,540679.0,1.18356,75000.0
MDA,2012,3044.8084324815,543872.0,1.07716,89000.0
MDA,2013,3321.04397795719,557653.0,0.831444,95599.9984741211
MDA,2014,3289.95758568777,692496.0,0.628572,93900.0015258789
MDA,2015,2749.55137054338,1005936.0,0.48963,94400.0015258789
MDA,2016,2847.08794770479,936254.0,0.486910181772908,121000.0
MDA,2017,3453.26727720294,1092606.0,0.55191,145000.0
MDA,2018,4156.44981956646,1423791.0,0.6445,160000.0
MDA,2019,4405.33418162155,1408166.0,1.22908832,174000.0
MDA,2020,4375.7788930524,306631.727,0.45188,29000.0
MDA,2021,5274.60582195352,528581.0,0.60711,
MDA,2022,5744.29618434435,779683.818,0.57196,
MDA,2023,6799.58594644576,827604.333,0.370693333,
MDA,2024,7578.90216348853,,,
MKD,2010,4833.36586759968,,,262000.0
MKD,2011,5416.86672931659,,,327000.0
MKD,2012,5049.8265386157,,,351000.0
MKD,2013,5626.26115664893,,,400000.0
MKD,2014,5925.38592218015,,,425000.0
MKD,2015,5262.68671928674,,,486000.0
MKD,2016,5598.48622617967,,,510000.0
MKD,2017,5955.2973863451,,,631000.0
MKD,2018,6713.98925398989,,,707000.0
MKD,2019,6718.85826635458,,,758000.0
MKD,2020,6659.59651070776,,,118000.0
MKD,2021,7620.80296977508,,,
MKD,2022,7606.2375253797,,,
MKD,2023,8674.35846327485,,,
MKD,2024,9291.8566035502,,,
MNE,2010,6678.63939560908,659355.414807816,0.0,1088000.0
MNE,2011,7265.51771176628,523356.0,0.0,1201000.0
MNE,2012,6552.47970337373,544519.0,0.0,1264000.0
MNE,2013,7102.7776714702,528852.0,0.0,1324000.0
MNE,2014,7342.17147363741,503040.0,,1350000.0
MNE,2015,6421.00005731419,526980.0,,1560000.0
MNE,2016,6968.01202883651,544597.0,0.0587,1662000.0
MNE,2017,7674.2856571219,507637.0,0.1119,1877000.0
MNE,2018,8673.59469069858,565522.0,0.1345,2077000.0
MNE,2019,8749.25629734676,597380.0,0.15295,2510000.0
MNE,2020,7555.48699036321,,,351000.0
MNE,2021,9315.86435643142,1589.285,0.0322728,
MNE,2022,10038.1849482517,318363.0,,
MNE,2023,12258.1600477339,379068.0,,
MNE,2024,13270.1824401005,,,
MT,2010,21946.6073066905,1699829.0,6.733,1815000.0
MT,2011,23516.972445816,1673765.0,6.352,1916000.0
MT,2012,22878.3095862582,1535101.0,5.266,2007000.0
MT,2013,25415.5525389054,1603404.0,3.541,2013000.0
MT,2014,27424.5693619702,1588165.0,3.422,2162000.0
MT,2015,25529.6693210673,1583046.0,3.352,2383000.0
MT,2016,26459.0644285369,1500824.0,2.442,2592000.0
MT,2017,30317.2611769875,1575125.0,2.63621,2944000.0
MT,2018,33382.280781103,2576898.0,5.14323,3232000.0
MT,2019,32421.9087471186,2382607.8,6.727273,3519000.0
MT,2020,31823.422001724,549318.545,2.903530909,718000.0
MT,2021,38078.0064279067,597724.0,2.75098,
MT,2022,35658.8318250199,1964262.009,8.676285,
MT,2023,40932.5238774461,2387400.4,3.35594432,
MT,2024,44023.6341078148,,,
NL,2010,51305.7338533973,26979676.6296817,6444.38161844899,10883000.0
NL,2011,54701.7728030611,29959476.4043769,6347.25316032084,11300000.0
NL,2012,50473.9442002689,31672223.9759589,6014.58854749604,11680000.0
NL,2013,52602.2860520766,33455251.0,5753.728484,12783000.0
NL,2014,53457.2234864322,33956338.0,5726.179652,13925000.0
NL,2015,45793.8135434697,35687843.0,5292.794684592,15007000.0
NL,2016,46808.5291492503,40078714.0,4745.958515461,15828000.0
NL,2017,49513.6817346384,42763443.0,5855.480475616,17924000.0
NL,2018,53955.0770024266,44417573.579144,5886.51490365179,18780000.0
NL,2019,53554.9007491475,46358457.951,5656.442,20129000.0
NL,2020,53467.9277413737,14748517.334,4145.02216,7265000.0
NL,2021,60141.9880911492,19349165.526,4346.39907,
NL,2022,59123.318556487,35579242.0,3366.76174,
NL,2023,63515.6030780019,41436802.2,3285.74816264,
NL,2024,67465.3208126875,,,
PL,2010,12567.7317676382,4099082.0,76.606040095,58340000.0
PL,2011,13867.6669408192,4448727.0598285,39.4180038679561,60745000.0
PL,2012,13087.420943321,4909100.39206908,91.8311627817047,67390000.0
PL,2013,13621.9023794031,5002975.74866764,97.64576278,72310000.0
PL,2014,14262.2841914116,5038745.42598332,120.85182858,73750000.0
PL,2015,12637.5220324406,4448883.0,114.791591876,77743000.0
PL,2016,12464.0121044827,5497163.0,155.552044,80476000.0
PL,2017,13913.3415190124,7376512.0,221.814,83804000.0
PL,2018,15658.210586693,9277538.0,271.488,85946000.0
PL,2019,15874.5220531254,10225516.0,317.866,88515000.0
PL,2020,16150.9304813473,2686258.0,140.556639,
PL,2021,18635.5104895754,3676185.0,215.00546,
PL,2022,18891.2121169279,7057609.0,308.34517,
PL,2023,22145.2660647429,8782362.0,343.93228,
PL,2024,25103.565661423,,,
PT,2010,22551.935098809,10428173.5126738,364.692462967644,6756000.0
PT,2011,23246.5425416481,11014639.0,355.849353,7264000.0
PT,2012,20593.4274224109,11338080.0,320.824462,7503000.0
PT,2013,21676.4859642714,11860998.0,319.454636,9177000.0
PT,2014,22120.6850127107,12635439.0,348.67247,10497000.0
PT,2015,19215.7813014347,12706909.0,343.964162,11723000.0
PT,2016,19980.2808866516,13105120.0,327.012274,13359000.0
PT,2017,21442.3842768879,15937325.0,421.8294532,15432000.0
PT,2018,23541.1401075289,17367956.0,454.209368,16186000.0
PT,2019,23343.3628970034,22047878.978,536.98922,17283000.0
PT,2020,22299.4044062173,6219531.061,280.010031636,4208000.0
PT,2021,24711.4510062111,8056494.578,500.44279,
PT,2022,24620.5197587181,15664429.666,567.233466666,
PT,2023,27634.6183139773,18288977.0,568.97882,
PT,2024,29328.3067415343,,,
RO,2010,8399.5374234284,3733253.0,5.163786,7498000.0
RO,2011,9560.6755277458,3659209.0,6.0952,7611000.0
RO,2012,8929.95366231474,3593312.0,5.622633,7937000.0
RO,2013,9497.67411615237,3087143.0,5.25614,8019000.0
RO,2014,10031.7710755404,3067724.4,5.2917,8442000.0
RO,2015,8977.01748158196,3634598.0,4.7179,9331000.0
RO,2016,9404.54005870715,3686938.0,4.2237,10223000.0
RO,2017,10727.9822007426,4423249.0,2.8045,10926000.0
RO,2018,12416.134317959,4908235.0,2.71,11720000.0
RO,2019,12909.6104013244,5630289.0,3.334,12815000.0
RO,2020,13009.1525348396,1786407.0,0.889334,5023000.0
RO,2021,14908.0412813921,2719206.0,1.6239,
RO,2022,15503.4691366242,2294598.0,2.7223,
RO,2023,18244.4186876321,2806654.333,2.33576,
RO,2024,20080.2096215595,,,
SE,2010,52542.5759090299,41153081.0,473.0,5183000.0
SE,2011,60379.4814599322,46260220.0,495.0,11567000.0
SE,2012,57749.5615420853,49192941.0,516.0,12372000.0
SE,2013,60843.9888799369,51925707.0,592.0,10980000.0
SE,2014,59583.4584491714,57789383.0,686.0,10522000.0
SE,2015,51188.1652120493,58636668.0,594.0,6482000.0
SE,2016,51703.5088332851,55672453.0,690.0,6782000.0
SE,2017,53210.2233318965,51825549.0,762.0,7054000.0
SE,2018,54018.4554391861,51473905.0,991.0,7440000.0
SE,2019,51648.9892820514,50957868.602,985.655671715528,7616000.0
SE,2020,52568.5726980146,14105839.7975,304.418496636947,1957000.0
SE,2021,60647.5416365347,20067143.633,348.598679007,
SE,2022,54836.8907235124,15229955.0,320.525,
SE,2023,54950.2834725622,19554551.0,324.82,
SE,2024,57222.7100565003,,,
SI,2010,23329.8417691156,979803.0,1.533,2049000.0
SI,2011,24940.6284841605,972711.0,1.606,2236000.0
SI,2012,22442.1417859955,816630.0,1.126,2377000.0
SI,2013,23236.9655321695,857000.0,0.988,2502000.0
SI,2014,24013.0682060959,916981.0,1.098,2675000.0
SI,2015,20697.2748530619,1045409.0,0.8,3022000.0
SI,2016,21447.8377796036,1009559.0,0.41874,3397000.0
SI,2017,23303.077705959,1087075.0,0.5664,3991000.0
SI,2018,25888.0481065655,1094762.0,0.54284,4425000.0
SI,2019,25814.1687167572,869640.1,0.35950656,4702000.0
SI,2020,25392.0651093612,78565.0,,1216000.0
SI,2021,29192.8401933019,21037.0,,
SI,2022,28360.3041467268,1866.0,,
SI,2023,32660.4753581346,,,
SI,2024,34301.0318686594,,,
SK,2010,16899.448680529,74856.0,0.0,
SK,2011,18469.4354316836,34859.0,0.0,
SK,2012,17516.9691054078,45111.0,0.0,
SK,2013,18312.7805149823,64008.0,0.0,12583000.0
SK,2014,18770.9289896545,29031.5983,,11556000.0
SK,2015,16442.0760860018,11098.0,,14936000.0
SK,2016,16636.0769133073,12928.0,,17376000.0
SK,2017,17645.5298716761,7925.0,,15406000.0
SK,2018,19573.3717031314,,,15299000.0
SK,2019,19406.0589683582,,0.0,
SK,2020,19735.4858280801,2669.0,,
SK,2021,22123.3342114545,8900.0,,
SK,2022,21317.7943982363,1925.454,,
SK,2023,24614.8734642794,,,
SK,2024,25992.6748502048,,,
SRB,2010,5970.92660940072,985072.0,2.133,683000.0
SRB,2011,7082.2861666075,1149102.0,2.234,764000.0
SRB,2012,6263.04086072815,1240709.0,1.45,810000.0
SRB,2013,7040.41812068781,1241352.0,1.451004,922000.0
SRB,2014,6886.67809068704,2187144.0,2.748,1029000.0
SRB,2015,5820.3215576888,2427047.0,3.217,1132000.0
SRB,2016,5982.37030126471,2486009.0,4.737729,1281000.0
SRB,2017,6548.03653824187,2442731.0,7.355192,1497000.0
SRB,2018,7559.86165747394,2262703.0,17.7117,1711000.0
SRB,2019,7755.632986437,2469081.0,13.313,1847000.0
SRB,2020,8098.70955668849,795228.0,8.101,446000.0
SRB,2021,9680.52798074468,1276465.0,14.071,
SRB,2022,10024.8191112596,2406000.0,14.211,
SRB,2023,12281.707946167,3868570.0,19.33,
SRB,2024,13677.7794863909,,,
TUR,2010,10698.9699409757,45665249.0,1149.281,32997000.0
TUR,2011,11373.6355760885,53500303.0,1544.26626010139,36769000.0
TUR,2012,11776.7593362033,63350312.0,1933.67835962636,37715000.0
TUR,2013,12635.5570016068,74413804.6198675,2296.03873424933,39861000.0
TUR,2014,12209.3862327674,84574844.0,2630.33,41627000.0
TUR,2015,11064.6494504662,96604665.0,2882.162,41114000.0
TUR,2016,10984.3643169061,100366461.0,3493.930482468,30907000.0
TUR,2017,10756.3877677883,107917326.0,4800.237745146,37970000.0
TUR,2018,9684.11819884721,115595495.817,5949.212205544,46113000.0
TUR,2019,9395.23378001368,111131475.0,6815.50975,51747000.0
TUR,2020,8798.11791709313,44722690.061,6870.46874,15971000.0
TUR,2021,9981.76398411336,69065868.0,9338.328585454,
TUR,2022,10897.8397861365,104672089.362,8421.527714636,
TUR,2023,13375.0947282864,125940241.0,8367.297795,
TUR,2024,15892.7157287241,,,
XKX,2010,2987.54523493128,,,
XKX,2011,3538.94809762524,,,
XKX,2012,3410.65497983011,,,
XKX,2013,3704.55812411167,,,
XKX,2014,3902.49322261901,,,
XKX,2015,3520.62685324451,,,
XKX,2016,3759.44777525332,,,
XKX,2017,4009.32022064732,,,
XKX,2018,4384.18796440547,,,
XKX,2019,4415.6992744623,,,
XKX,2020,4320.58382547288,,,
XKX,2021,5269.69946181439,,,
XKX,2022,5298.1473871027,,,
XKX,2023,6220.33213919344,,,
XKX,2024,7026.6988128325,,,
