iso,ym,ln_co2_cf,year
AL,202003,9.229533947915074,2020
AL,202004,9.318523784694218,2020
AL,202005,9.341494459063155,2020
AL,202006,9.457458136997664,2020
AL,202007,9.67435926538521,2020
AL,202008,9.756145872357475,2020
AL,202009,9.593388370855074,2020
AL,202010,9.391146948298754,2020
AL,202011,9.259221135176073,2020
AL,202012,9.388560618982726,2020
AL,202101,9.365639618049205,2021
AL,202102,9.149910594345796,2021
AL,202103,9.277981158500895,2021
AL,202104,9.366970995280038,2021
AL,202105,9.389941669648975,2021
AL,202106,9.505905347583484,2021
AL,202107,9.722806475971028,2021
AL,202108,9.804593082943295,2021
AL,202109,9.641835581440894,2021
AL,202110,9.439594158884574,2021
AL,202111,9.307668345761893,2021
AL,202112,9.437007829568547,2021
AM,202003,9.7151527388868,2020
AM,202004,9.8046935411354,2020
AM,202005,9.876252113317461,2020
AM,202006,9.938832825997302,2020
AM,202007,10.086641438494675,2020
AM,202008,10.130823304989043,2020
AM,202009,9.990140891762843,2020
AM,202010,9.941628019214393,2020
AM,202011,9.799960670185547,2020
AM,202012,9.905759009125775,2020
AM,202101,9.73687414658079,2021
AM,202102,9.583389178707483,2021
AM,202103,9.732332542762265,2021
AM,202104,9.821873345010863,2021
AM,202105,9.893431917192926,2021
AM,202106,9.956012629872765,2021
AM,202107,10.103821242370138,2021
AM,202108,10.148003108864506,2021
AM,202109,10.007320695638306,2021
AM,202110,9.958807823089856,2021
AM,202111,9.81714047406101,2021
AM,202112,9.92293881300124,2021
AT,202003,12.353268345369202,2020
AT,202004,12.361148748361344,2020
AT,202005,12.436371972740108,2020
AT,202006,12.463502871961458,2020
AT,202007,12.5107220973047,2020
AT,202008,12.496996901507666,2020
AT,202009,12.470843996088085,2020
AT,202010,12.430019376748827,2020
AT,202011,12.287426316325929,2020
AT,202012,12.294831766570208,2020
AT,202101,12.303710347924175,2021
AT,202102,12.228481961956023,2021
AT,202103,12.3836243992794,2021
AT,202104,12.391504802271541,2021
AT,202105,12.466728026650305,2021
AT,202106,12.493858925871654,2021
AT,202107,12.541078151214897,2021
AT,202108,12.527352955417863,2021
AT,202109,12.501200049998282,2021
AT,202110,12.460375430659024,2021
AT,202111,12.317782370236126,2021
AT,202112,12.325187820480407,2021
BA,202003,8.979280618144035,2020
BA,202004,9.231268648506548,2020
BA,202005,9.29712263700829,2020
BA,202006,9.471695725163361,2020
BA,202007,9.69836598909254,2020
BA,202008,9.718424926690322,2020
BA,202009,9.495828593496174,2020
BA,202010,9.304513523832158,2020
BA,202011,9.037758124315673,2020
BA,202012,8.967166619383534,2020
BA,202101,8.982138020834892,2021
BA,202102,8.906110197696062,2021
BA,202103,9.112026183199278,2021
BA,202104,9.364014213561791,2021
BA,202105,9.429868202063533,2021
BA,202106,9.604441290218602,2021
BA,202107,9.831111554147782,2021
BA,202108,9.851170491745565,2021
BA,202109,9.628574158551418,2021
BA,202110,9.437259088887402,2021
BA,202111,9.170503689370916,2021
BA,202112,9.099912184438777,2021
BE,202003,12.819893926153526,2020
BE,202004,12.830999999518935,2020
BE,202005,12.90960533010959,2020
BE,202006,12.91511660704421,2020
BE,202007,12.9861913959948,2020
BE,202008,12.968493545141962,2020
BE,202009,12.926717119144161,2020
BE,202010,12.913468064290155,2020
BE,202011,12.832591857506642,2020
BE,202012,12.811236302049016,2020
BE,202101,12.772363066496315,2021
BE,202102,12.708251296544262,2021
BE,202103,12.840313974406463,2021
BE,202104,12.851420047771873,2021
BE,202105,12.930025378362528,2021
BE,202106,12.935536655297147,2021
BE,202107,13.006611444247737,2021
BE,202108,12.988913593394898,2021
BE,202109,12.947137167397099,2021
BE,202110,12.933888112543093,2021
BE,202111,12.85301190575958,2021
BE,202112,12.831656350301952,2021
BG,202003,10.662827097990798,2020
BG,202004,10.731376163378759,2020
BG,202005,11.07792469372182,2020
BG,202006,11.655042469944593,2020
BG,202007,11.849805243422649,2020
BG,202008,11.84485249043882,2020
BG,202009,11.524161497182673,2020
BG,202010,10.865585403895654,2020
BG,202011,10.59741859284389,2020
BG,202012,10.670871415872725,2020
BG,202101,10.73165656236192,2021
BG,202102,10.622783330386682,2021
BG,202103,10.714420144360485,2021
BG,202104,10.782969209748446,2021
BG,202105,11.129517740091506,2021
BG,202106,11.70663551631428,2021
BG,202107,11.901398289792334,2021
BG,202108,11.896445536808507,2021
BG,202109,11.57575454355236,2021
BG,202110,10.91717845026534,2021
BG,202111,10.649011639213578,2021
BG,202112,10.72246446224241,2021
CH,202003,13.105087713874596,2020
CH,202004,13.07957243440404,2020
CH,202005,13.12791136575526,2020
CH,202006,13.145407624655023,2020
CH,202007,13.21665766638856,2020
CH,202008,13.205893858165895,2020
CH,202009,13.15607138259923,2020
CH,202010,13.160454545952522,2020
CH,202011,13.028531666098564,2020
CH,202012,13.088308888707173,2020
CH,202101,13.12202888112365,2021
CH,202102,13.022097203445016,2021
CH,202103,13.13537129039584,2021
CH,202104,13.109856010925284,2021
CH,202105,13.158194942276504,2021
CH,202106,13.175691201176267,2021
CH,202107,13.246941242909804,2021
CH,202108,13.23617743468714,2021
CH,202109,13.186354959120473,2021
CH,202110,13.190738122473768,2021
CH,202111,13.05881524261981,2021
CH,202112,13.118592465228419,2021
CY,202003,10.921911932128191,2020
CY,202004,11.271997009740788,2020
CY,202005,11.58693001083457,2020
CY,202006,11.643177989458492,2020
CY,202007,11.726678438259327,2020
CY,202008,11.727904876605074,2020
CY,202009,11.659596748715819,2020
CY,202010,11.580957171140028,2020
CY,202011,10.992977686874424,2020
CY,202012,10.779845544133675,2020
CY,202101,10.706625573156682,2021
CY,202102,10.640579166586173,2021
CY,202103,10.936569663951529,2021
CY,202104,11.286654741564124,2021
CY,202105,11.601587742657905,2021
CY,202106,11.657835721281828,2021
CY,202107,11.741336170082663,2021
CY,202108,11.742562608428411,2021
CY,202109,11.674254480539155,2021
CY,202110,11.595614902963364,2021
CY,202111,11.00763541869776,2021
CY,202112,10.79450327595701,2021
CZ,202003,11.422889584872765,2020
CZ,202004,11.50710914316254,2020
CZ,202005,11.641978479484127,2020
CZ,202006,11.825492892628837,2020
CZ,202007,11.89835775298835,2020
CZ,202008,11.90329117080099,2020
CZ,202009,11.851587645389763,2020
CZ,202010,11.675213641619154,2020
CZ,202011,11.424036034438735,2020
CZ,202012,11.425736971003515,2020
CZ,202101,11.374805768418925,2021
CZ,202102,11.262803297868922,2021
CZ,202103,11.45849763849245,2021
CZ,202104,11.542717196782224,2021
CZ,202105,11.677586533103813,2021
CZ,202106,11.861100946248522,2021
CZ,202107,11.933965806608034,2021
CZ,202108,11.938899224420677,2021
CZ,202109,11.88719569900945,2021
CZ,202110,11.71082169523884,2021
CZ,202111,11.459644088058422,2021
CZ,202112,11.461345024623201,2021
DE,202003,14.726795179045563,2020
DE,202004,14.726018786336253,2020
DE,202005,14.816192945951737,2020
DE,202006,14.816499295011791,2020
DE,202007,14.863221254139674,2020
DE,202008,14.856888154132257,2020
DE,202009,14.837104307941875,2020
DE,202010,14.842761993265224,2020
DE,202011,14.698290712452165,2020
DE,202012,14.654379822834938,2020
DE,202101,14.655775081116708,2021
DE,202102,14.58303039016823,2021
DE,202103,14.737919702389753,2021
DE,202104,14.737143309680443,2021
DE,202105,14.827317469295926,2021
DE,202106,14.827623818355981,2021
DE,202107,14.874345777483864,2021
DE,202108,14.868012677476447,2021
DE,202109,14.848228831286063,2021
DE,202110,14.853886516609414,2021
DE,202111,14.709415235796355,2021
DE,202112,14.665504346179127,2021
DK,202003,12.472851581889813,2020
DK,202004,12.433941883707343,2020
DK,202005,12.513527369977457,2020
DK,202006,12.586474900267666,2020
DK,202007,12.659905587714329,2020
DK,202008,12.612048727619635,2020
DK,202009,12.545737058929655,2020
DK,202010,12.555075574888376,2020
DK,202011,12.403986479449392,2020
DK,202012,12.364617225376971,2020
DK,202101,12.41190093231598,2021
DK,202102,12.356305966846056,2021
DK,202103,12.500697328519392,2021
DK,202104,12.461787630336921,2021
DK,202105,12.541373116607035,2021
DK,202106,12.614320646897244,2021
DK,202107,12.687751334343908,2021
DK,202108,12.639894474249214,2021
DK,202109,12.573582805559234,2021
DK,202110,12.582921321517954,2021
DK,202111,12.43183222607897,2021
DK,202112,12.39246297200655,2021
EE,202003,9.757461489118587,2020
EE,202004,9.776685087194439,2020
EE,202005,9.897971433845566,2020
EE,202006,9.901176761427765,2020
EE,202007,9.9330355601543,2020
EE,202008,9.940388252621396,2020
EE,202009,9.917341548554102,2020
EE,202010,9.932237118857577,2020
EE,202011,9.728444246033433,2020
EE,202012,9.684318617545149,2020
EE,202101,9.672132801454785,2021
EE,202102,9.586700503150823,2021
EE,202103,9.786496679484644,2021
EE,202104,9.805720277560496,2021
EE,202105,9.927006624211623,2021
EE,202106,9.930211951793824,2021
EE,202107,9.962070750520358,2021
EE,202108,9.969423442987456,2021
EE,202109,9.94637673892016,2021
EE,202110,9.961272309223634,2021
EE,202111,9.757479436399493,2021
EE,202112,9.713353807911208,2021
EL,202003,11.914026753918254,2020
EL,202004,12.373083255689817,2020
EL,202005,13.006554778225576,2020
EL,202006,13.265702958646742,2020
EL,202007,13.427890584266892,2020
EL,202008,13.437885306096728,2020
EL,202009,13.272903658074087,2020
EL,202010,12.853884079953119,2020
EL,202011,11.906341806727317,2020
EL,202012,11.86696970214864,2020
EL,202101,11.858654694411843,2021
EL,202102,11.747703458049838,2021
EL,202103,11.953919190865598,2021
EL,202104,12.412975692637161,2021
EL,202105,13.046447215172918,2021
EL,202106,13.305595395594086,2021
EL,202107,13.467783021214235,2021
EL,202108,13.47777774304407,2021
EL,202109,13.31279609502143,2021
EL,202110,12.893776516900461,2021
EL,202111,11.94623424367466,2021
EL,202112,11.906862139095983,2021
ES,202003,14.297360898299077,2020
ES,202004,14.394930912978996,2020
ES,202005,14.459782685187237,2020
ES,202006,14.512230995546975,2020
ES,202007,14.614523321943878,2020
ES,202008,14.616651517755502,2020
ES,202009,14.528003297858266,2020
ES,202010,14.487537000330322,2020
ES,202011,14.256598760663108,2020
ES,202012,14.259912643025205,2020
ES,202101,14.234975250684942,2021
ES,202102,14.162639748080197,2021
ES,202103,14.328426247830667,2021
ES,202104,14.425996262510585,2021
ES,202105,14.490848034718827,2021
ES,202106,14.543296345078565,2021
ES,202107,14.645588671475469,2021
ES,202108,14.647716867287093,2021
ES,202109,14.559068647389855,2021
ES,202110,14.518602349861911,2021
ES,202111,14.287664110194699,2021
ES,202112,14.290977992556796,2021
FI,202003,12.304402388432138,2020
FI,202004,12.196108594341347,2020
FI,202005,12.256848680466087,2020
FI,202006,12.26712388308534,2020
FI,202007,12.276229512315213,2020
FI,202008,12.28959744608645,2020
FI,202009,12.281257579125617,2020
FI,202010,12.313083797282516,2020
FI,202011,12.226487401367091,2020
FI,202012,12.296624554975274,2020
FI,202101,12.2902304902364,2021
FI,202102,12.221183071109495,2021
FI,202103,12.329924362423569,2021
FI,202104,12.22163056833278,2021
FI,202105,12.28237065445752,2021
FI,202106,12.29264585707677,2021
FI,202107,12.301751486306646,2021
FI,202108,12.315119420077883,2021
FI,202109,12.306779553117048,2021
FI,202110,12.338605771273947,2021
FI,202111,12.252009375358522,2021
FI,202112,12.322146528966705,2021
FR,202003,14.376914854397148,2020
FR,202004,14.407447773898227,2020
FR,202005,14.465296439696917,2020
FR,202006,14.48899980557368,2020
FR,202007,14.581007278089052,2020
FR,202008,14.568459205537808,2020
FR,202009,14.47409397122272,2020
FR,202010,14.460209082299905,2020
FR,202011,14.323531495800376,2020
FR,202012,14.365422800530991,2020
FR,202101,14.344388384844363,2021
FR,202102,14.256417309245048,2021
FR,202103,14.391041977181748,2021
FR,202104,14.421574896682825,2021
FR,202105,14.479423562481518,2021
FR,202106,14.50312692835828,2021
FR,202107,14.595134400873652,2021
FR,202108,14.582586328322408,2021
FR,202109,14.48822109400732,2021
FR,202110,14.474336205084505,2021
FR,202111,14.337658618584976,2021
FR,202112,14.379549923315592,2021
GB,202003,14.915553344945854,2020
GB,202004,14.938305003755758,2020
GB,202005,15.038357086482536,2020
GB,202006,15.051622753574977,2020
GB,202007,15.10643935913862,2020
GB,202008,15.103599517745135,2020
GB,202009,15.055219684693123,2020
GB,202010,15.03600772915014,2020
GB,202011,14.874500053758933,2020
GB,202012,14.891960526395797,2020
GB,202101,14.892277605831149,2021
GB,202102,14.812008395341852,2021
GB,202103,14.938171808941112,2021
GB,202104,14.960923467751016,2021
GB,202105,15.060975550477794,2021
GB,202106,15.074241217570234,2021
GB,202107,15.129057823133877,2021
GB,202108,15.126217981740393,2021
GB,202109,15.07783814868838,2021
GB,202110,15.058626193145399,2021
GB,202111,14.89711851775419,2021
GB,202112,14.914578990391055,2021
GE,202003,10.635397497956244,2020
GE,202004,10.716380700492005,2020
GE,202005,10.820474912776683,2020
GE,202006,10.95850189156728,2020
GE,202007,11.102881141166403,2020
GE,202008,11.156857484019842,2020
GE,202009,11.033649957319955,2020
GE,202010,10.862783819112007,2020
GE,202011,10.687568267046222,2020
GE,202012,10.697874252710976,2020
GE,202101,10.72145380484708,2021
GE,202102,10.59332847195376,2021
GE,202103,10.809106882007082,2021
GE,202104,10.890090084542845,2021
GE,202105,10.994184296827521,2021
GE,202106,11.13221127561812,2021
GE,202107,11.276590525217241,2021
GE,202108,11.33056686807068,2021
GE,202109,11.207359341370793,2021
GE,202110,11.036493203162845,2021
GE,202111,10.86127765109706,2021
GE,202112,10.871583636761816,2021
HR,202003,10.087320184594558,2020
HR,202004,10.667938430959886,2020
HR,202005,11.158034391205922,2020
HR,202006,11.42678436125212,2020
HR,202007,11.663360258375759,2020
HR,202008,11.640051750104979,2020
HR,202009,11.420535793054023,2020
HR,202010,10.983436242588681,2020
HR,202011,10.05230498692954,2020
HR,202012,9.970150863299999,2020
HR,202101,9.992803305625085,2021
HR,202102,9.908319042567669,2021
HR,202103,10.16308020928905,2021
HR,202104,10.743698455654378,2021
HR,202105,11.233794415900412,2021
HR,202106,11.502544385946612,2021
HR,202107,11.739120283070251,2021
HR,202108,11.715811774799471,2021
HR,202109,11.496295817748516,2021
HR,202110,11.059196267283173,2021
HR,202111,10.128065011624033,2021
HR,202112,10.045910887994491,2021
HU,202003,11.222505931474425,2020
HU,202004,11.301914310064362,2020
HU,202005,11.387808460786541,2020
HU,202006,11.4452103593628,2020
HU,202007,11.524313252797732,2020
HU,202008,11.512160408390715,2020
HU,202009,11.46572662785938,2020
HU,202010,11.423000448888766,2020
HU,202011,11.252647627293468,2020
HU,202012,11.236631089712748,2020
HU,202101,11.212537078454453,2021
HU,202102,11.093829856170132,2021
HU,202103,11.278192861877681,2021
HU,202104,11.357601240467618,2021
HU,202105,11.443495391189797,2021
HU,202106,11.500897289766055,2021
HU,202107,11.580000183200989,2021
HU,202108,11.567847338793971,2021
HU,202109,11.521413558262637,2021
HU,202110,11.478687379292023,2021
HU,202111,11.308334557696723,2021
HU,202112,11.292318020116003,2021
IE,202003,12.415811864592065,2020
IE,202004,12.52912925169001,2020
IE,202005,12.669932511624271,2020
IE,202006,12.757879232829882,2020
IE,202007,12.81353475666064,2020
IE,202008,12.783072309275143,2020
IE,202009,12.716272651327177,2020
IE,202010,12.657687108659607,2020
IE,202011,12.405764153126032,2020
IE,202012,12.393739098446254,2020
IE,202101,12.391274100455762,2021
IE,202102,12.290309463572438,2021
IE,202103,12.483842923898186,2021
IE,202104,12.59716031099613,2021
IE,202105,12.737963570930392,2021
IE,202106,12.825910292136001,2021
IE,202107,12.881565815966761,2021
IE,202108,12.851103368581263,2021
IE,202109,12.784303710633296,2021
IE,202110,12.725718167965727,2021
IE,202111,12.473795212432153,2021
IE,202112,12.461770157752374,2021
IS,202003,10.870826684583175,2020
IS,202004,10.895301030383886,2020
IS,202005,11.140084673170003,2020
IS,202006,11.46784974915459,2020
IS,202007,11.53600898269901,2020
IS,202008,11.51548344162427,2020
IS,202009,11.355584313232375,2020
IS,202010,11.20461294964242,2020
IS,202011,11.005899437526548,2020
IS,202012,10.897118235740422,2020
IS,202101,10.9134232288263,2021
IS,202102,10.816915098436759,2021
IS,202103,11.031944784099371,2021
IS,202104,11.056419129900082,2021
IS,202105,11.3012027726862,2021
IS,202106,11.628967848670786,2021
IS,202107,11.697127082215207,2021
IS,202108,11.676601541140464,2021
IS,202109,11.516702412748572,2021
IS,202110,11.365731049158617,2021
IS,202111,11.167017537042744,2021
IS,202112,11.05823633525662,2021
IT,202003,13.88048866995372,2020
IT,202004,13.971445027952537,2020
IT,202005,14.063104389765156,2020
IT,202006,14.128058967017992,2020
IT,202007,14.21615038395961,2020
IT,202008,14.215349279693802,2020
IT,202009,14.136139826947844,2020
IT,202010,14.052159609285383,2020
IT,202011,13.83099624133,2020
IT,202012,13.850216510619429,2020
IT,202101,13.84306163968668,2021
IT,202102,13.740704671696973,2021
IT,202103,13.902488486666412,2021
IT,202104,13.993444844665227,2021
IT,202105,14.085104206477846,2021
IT,202106,14.150058783730682,2021
IT,202107,14.2381502006723,2021
IT,202108,14.237349096406492,2021
IT,202109,14.158139643660533,2021
IT,202110,14.074159425998072,2021
IT,202111,13.852996058042692,2021
IT,202112,13.872216327332119,2021
LT,202003,10.361873636991394,2020
LT,202004,10.488446544124987,2020
LT,202005,10.629968936615949,2020
LT,202006,10.636123539342364,2020
LT,202007,10.603372462911596,2020
LT,202008,10.608221196382814,2020
LT,202009,10.62724480908036,2020
LT,202010,10.628390293818025,2020
LT,202011,10.42307360985033,2020
LT,202012,10.396609069364072,2020
LT,202101,10.390826286360603,2021
LT,202102,10.281288317829416,2021
LT,202103,10.448390807085595,2021
LT,202104,10.574963714219187,2021
LT,202105,10.716486106710152,2021
LT,202106,10.722640709436565,2021
LT,202107,10.689889633005798,2021
LT,202108,10.694738366477017,2021
LT,202109,10.713761979174562,2021
LT,202110,10.714907463912226,2021
LT,202111,10.509590779944531,2021
LT,202112,10.483126239458272,2021
LU,202003,11.929778909663531,2020
LU,202004,11.900323623108772,2020
LU,202005,11.927228248134062,2020
LU,202006,11.916006167690401,2020
LU,202007,11.949250754563815,2020
LU,202008,11.949275760865838,2020
LU,202009,11.919632585872472,2020
LU,202010,11.972220492408299,2020
LU,202011,12.014668618857467,2020
LU,202012,11.963988339819572,2020
LU,202101,11.868798567026959,2021
LU,202102,11.816678169684906,2021
LU,202103,11.98568541706321,2021
LU,202104,11.956230130508452,2021
LU,202105,11.983134755533744,2021
LU,202106,11.971912675090081,2021
LU,202107,12.005157261963495,2021
LU,202108,12.00518226826552,2021
LU,202109,11.975539093272154,2021
LU,202110,12.028126999807979,2021
LU,202111,12.070575126257147,2021
LU,202112,12.019894847219254,2021
LV,202003,10.426160472827569,2020
LV,202004,10.563149384769083,2020
LV,202005,10.646606774425647,2020
LV,202006,10.73156406650947,2020
LV,202007,10.74018686271506,2020
LV,202008,10.721162679409487,2020
LV,202009,10.665540634139745,2020
LV,202010,10.622584393085843,2020
LV,202011,10.42373836976642,2020
LV,202012,10.424104591952151,2020
LV,202101,10.401963287238532,2021
LV,202102,10.289502368622042,2021
LV,202103,10.459710093928734,2021
LV,202104,10.59669900587025,2021
LV,202105,10.680156395526813,2021
LV,202106,10.765113687610636,2021
LV,202107,10.773736483816226,2021
LV,202108,10.754712300510652,2021
LV,202109,10.699090255240911,2021
LV,202110,10.656134014187009,2021
LV,202111,10.457287990867586,2021
LV,202112,10.457654213053317,2021
MC,202003,2.9983865446897435,2020
MC,202004,3.3121327058722887,2020
MC,202005,3.611864222155438,2020
MC,202006,3.748654400505382,2020
MC,202007,3.9621382111353327,2020
MC,202008,3.9160727428136877,2020
MC,202009,3.7287102772496974,2020
MC,202010,3.344153853409662,2020
MC,202011,2.8541710403583034,2020
MC,202012,2.608422236427751,2020
MC,202101,2.713916834525527,2021
MC,202102,2.601096225304031,2021
MC,202103,3.011450878405485,2021
MC,202104,3.325197039588031,2021
MC,202105,3.62492855587118,2021
MC,202106,3.761718734221123,2021
MC,202107,3.975202544851075,2021
MC,202108,3.92913707652943,2021
MC,202109,3.7417746109654395,2021
MC,202110,3.3572181871254037,2021
MC,202111,2.867235374074045,2021
MC,202112,2.621486570143493,2021
MD,202003,9.64228369266857,2020
MD,202004,9.804127121550232,2020
MD,202005,9.987826054455125,2020
MD,202006,10.091049667817993,2020
MD,202007,10.181297407728726,2020
MD,202008,10.20999562884191,2020
MD,202009,10.107273051376792,2020
MD,202010,9.93802302547415,2020
MD,202011,9.76614253150251,2020
MD,202012,9.840855199958511,2020
MD,202101,9.866813247548814,2021
MD,202102,9.632224339986708,2021
MD,202103,9.773700079816381,2021
MD,202104,9.935543508698045,2021
MD,202105,10.119242441602937,2021
MD,202106,10.222466054965803,2021
MD,202107,10.312713794876538,2021
MD,202108,10.341412015989722,2021
MD,202109,10.238689438524602,2021
MD,202110,10.069439412621962,2021
MD,202111,9.897558918650322,2021
MD,202112,9.972271587106324,2021
ME,202003,8.652621937821985,2020
ME,202004,8.984263874623952,2020
ME,202005,9.389548688593655,2020
ME,202006,10.069168276200598,2020
ME,202007,10.243304881435606,2020
ME,202008,10.262389480389913,2020
ME,202009,10.001519233077042,2020
ME,202010,9.202791774588594,2020
ME,202011,8.683490116459986,2020
ME,202012,8.69658804082557,2020
ME,202101,8.688025746782717,2021
ME,202102,8.50158743561162,2021
ME,202103,8.709070966973798,2021
ME,202104,9.040712903775765,2021
ME,202105,9.445997717745467,2021
ME,202106,10.12561730535241,2021
ME,202107,10.299753910587416,2021
ME,202108,10.318838509541726,2021
ME,202109,10.057968262228854,2021
ME,202110,9.259240803740406,2021
ME,202111,8.739939145611798,2021
ME,202112,8.753037069977383,2021
MK,202003,9.325914862984021,2020
MK,202004,9.45537596767075,2020
MK,202005,9.562529115558746,2020
MK,202006,9.645393283237295,2020
MK,202007,9.881287716415668,2020
MK,202008,9.880969886643536,2020
MK,202009,9.706108203681882,2020
MK,202010,9.577554666622534,2020
MK,202011,9.423048988202986,2020
MK,202012,9.481101489962116,2020
MK,202101,9.492722227286887,2021
MK,202102,9.307449678496734,2021
MK,202103,9.457257916053171,2021
MK,202104,9.586719020739903,2021
MK,202105,9.693872168627898,2021
MK,202106,9.776736336306445,2021
MK,202107,10.012630769484819,2021
MK,202108,10.012312939712686,2021
MK,202109,9.837451256751033,2021
MK,202110,9.708897719691684,2021
MK,202111,9.554392041272136,2021
MK,202112,9.612444543031266,2021
MT,202003,10.478244674839914,2020
MT,202004,10.722890013174121,2020
MT,202005,10.837054303858675,2020
MT,202006,10.861717006967183,2020
MT,202007,10.943947676948115,2020
MT,202008,10.941768076771663,2020
MT,202009,10.87153919606441,2020
MT,202010,10.843402469877432,2020
MT,202011,10.46008638196252,2020
MT,202012,10.426174155442382,2020
MT,202101,10.376565590443482,2021
MT,202102,10.323869780313423,2021
MT,202103,10.541541585233277,2021
MT,202104,10.786186923567485,2021
MT,202105,10.900351214252037,2021
MT,202106,10.925013917360547,2021
MT,202107,11.007244587341479,2021
MT,202108,11.005064987165026,2021
MT,202109,10.934836106457773,2021
MT,202110,10.906699380270794,2021
MT,202111,10.523383292355884,2021
MT,202112,10.489471065835746,2021
NL,202003,13.733158441708845,2020
NL,202004,13.760926693881789,2020
NL,202005,13.84425849851242,2020
NL,202006,13.826932534723145,2020
NL,202007,13.897717418601918,2020
NL,202008,13.899430968131334,2020
NL,202009,13.841339159919086,2020
NL,202010,13.847336052947316,2020
NL,202011,13.708076767608,2020
NL,202012,13.711433960631068,2020
NL,202101,13.706917433955697,2021
NL,202102,13.622345618703504,2021
NL,202103,13.75423924888629,2021
NL,202104,13.782007501059235,2021
NL,202105,13.865339305689867,2021
NL,202106,13.848013341900591,2021
NL,202107,13.918798225779364,2021
NL,202108,13.92051177530878,2021
NL,202109,13.862419967096532,2021
NL,202110,13.868416860124762,2021
NL,202111,13.729157574785447,2021
NL,202112,13.732514767808514,2021
NO,202003,12.48477989819205,2020
NO,202004,12.443867414948928,2020
NO,202005,12.540088848507075,2020
NO,202006,12.610992907356017,2020
NO,202007,12.636841676903893,2020
NO,202008,12.611462797714864,2020
NO,202009,12.580811930836878,2020
NO,202010,12.579151078626506,2020
NO,202011,12.463767870325423,2020
NO,202012,12.366594873333122,2020
NO,202101,12.404044670911166,2021
NO,202102,12.36810691522825,2021
NO,202103,12.503214924450988,2021
NO,202104,12.462302441207866,2021
NO,202105,12.558523874766014,2021
NO,202106,12.629427933614956,2021
NO,202107,12.655276703162832,2021
NO,202108,12.629897823973803,2021
NO,202109,12.599246957095817,2021
NO,202110,12.597586104885444,2021
NO,202111,12.482202896584361,2021
NO,202112,12.38502989959206,2021
PL,202003,12.390181446431162,2020
PL,202004,12.443926269854321,2020
PL,202005,12.593799777139829,2020
PL,202006,12.71423718920815,2020
PL,202007,12.771202310094031,2020
PL,202008,12.761902915012937,2020
PL,202009,12.720474316352426,2020
PL,202010,12.569279490041673,2020
PL,202011,12.404489538577483,2020
PL,202012,12.400746967318383,2020
PL,202101,12.410942826177854,2021
PL,202102,12.322914027464785,2021
PL,202103,12.472243836001603,2021
PL,202104,12.525988659424762,2021
PL,202105,12.675862166710269,2021
PL,202106,12.79629957877859,2021
PL,202107,12.853264699664471,2021
PL,202108,12.843965304583378,2021
PL,202109,12.802536705922867,2021
PL,202110,12.651341879612113,2021
PL,202111,12.486551928147923,2021
PL,202112,12.482809356888824,2021
PT,202003,12.83151273589873,2020
PT,202004,12.978614826576006,2020
PT,202005,13.04601288366968,2020
PT,202006,13.106717610871803,2020
PT,202007,13.224066376007261,2020
PT,202008,13.231771944857407,2020
PT,202009,13.139551258567664,2020
PT,202010,13.068663051123835,2020
PT,202011,12.804984882655043,2020
PT,202012,12.85636461260484,2020
PT,202101,12.845917663713736,2021
PT,202102,12.730766938477238,2021
PT,202103,12.890215045431532,2021
PT,202104,13.037317136108808,2021
PT,202105,13.104715193202482,2021
PT,202106,13.165419920404604,2021
PT,202107,13.282768685540061,2021
PT,202108,13.290474254390208,2021
PT,202109,13.198253568100466,2021
PT,202110,13.127365360656636,2021
PT,202111,12.863687192187845,2021
PT,202112,12.915066922137642,2021
RO,202003,11.629916933867941,2020
RO,202004,11.706481229744563,2020
RO,202005,11.794977430679968,2020
RO,202006,11.84074090659235,2020
RO,202007,11.919507588342306,2020
RO,202008,11.92108361728012,2020
RO,202009,11.873184143152493,2020
RO,202010,11.787654685444226,2020
RO,202011,11.656252088634693,2020
RO,202012,11.647018266338828,2020
RO,202101,11.656329227922265,2021
RO,202102,11.561681144368993,2021
RO,202103,11.697212473457864,2021
RO,202104,11.773776769334487,2021
RO,202105,11.862272970269892,2021
RO,202106,11.908036446182273,2021
RO,202107,11.98680312793223,2021
RO,202108,11.988379156870042,2021
RO,202109,11.940479682742417,2021
RO,202110,11.85495022503415,2021
RO,202111,11.723547628224615,2021
RO,202112,11.714313805928752,2021
RS,202003,10.442599547782594,2020
RS,202004,10.549917011996268,2020
RS,202005,10.627525518857198,2020
RS,202006,10.744633777277084,2020
RS,202007,10.870876960796021,2020
RS,202008,10.887080244975698,2020
RS,202009,10.771431611169389,2020
RS,202010,10.667167922632336,2020
RS,202011,10.49838021651463,2020
RS,202012,10.56422490692492,2020
RS,202101,10.513283688243476,2021
RS,202102,10.381211879378776,2021
RS,202103,10.530214963703031,2021
RS,202104,10.637532427916703,2021
RS,202105,10.715140934777635,2021
RS,202106,10.83224919319752,2021
RS,202107,10.958492376716457,2021
RS,202108,10.974695660896133,2021
RS,202109,10.859047027089824,2021
RS,202110,10.754783338552773,2021
RS,202111,10.585995632435065,2021
RS,202112,10.651840322845356,2021
SE,202003,12.59673083248584,2020
SE,202004,12.516171363799737,2020
SE,202005,12.601703074965656,2020
SE,202006,12.619662632561578,2020
SE,202007,12.595172896802312,2020
SE,202008,12.610941804404836,2020
SE,202009,12.62771008681042,2020
SE,202010,12.626711462537038,2020
SE,202011,12.523303338011443,2020
SE,202012,12.501395849198936,2020
SE,202101,12.51505458797557,2021
SE,202102,12.476521164438305,2021
SE,202103,12.61996581491461,2021
SE,202104,12.539406346228507,2021
SE,202105,12.624938057394425,2021
SE,202106,12.642897614990346,2021
SE,202107,12.618407879231082,2021
SE,202108,12.634176786833606,2021
SE,202109,12.650945069239189,2021
SE,202110,12.649946444965808,2021
SE,202111,12.546538320440213,2021
SE,202112,12.524630831627706,2021
SI,202003,9.001477250998223,2020
SI,202004,9.090162437090843,2020
SI,202005,9.230409700789146,2020
SI,202006,9.333566430465739,2020
SI,202007,9.43873310567577,2020
SI,202008,9.446810416364496,2020
SI,202009,9.345988657303874,2020
SI,202010,9.17768249869426,2020
SI,202011,8.896285290466196,2020
SI,202012,8.905906796113461,2020
SI,202101,8.913003950884473,2021
SI,202102,8.834719719076432,2021
SI,202103,9.00041751352951,2021
SI,202104,9.089102699622131,2021
SI,202105,9.229349963320434,2021
SI,202106,9.332506692997026,2021
SI,202107,9.437673368207056,2021
SI,202108,9.445750678895784,2021
SI,202109,9.34492891983516,2021
SI,202110,9.176622761225547,2021
SI,202111,8.895225552997484,2021
SI,202112,8.90484705864475,2021
SK,202003,9.317685391401747,2020
SK,202004,9.401137161732235,2020
SK,202005,9.514001556643365,2020
SK,202006,9.99311021528774,2020
SK,202007,10.217774523992423,2020
SK,202008,10.194563253837837,2020
SK,202009,10.021276682139083,2020
SK,202010,9.571440428697237,2020
SK,202011,9.288492308285287,2020
SK,202012,9.285294393387481,2020
SK,202101,9.266562498414034,2021
SK,202102,9.199968927308138,2021
SK,202103,9.36533139079129,2021
SK,202104,9.448783161121778,2021
SK,202105,9.56164755603291,2021
SK,202106,10.040756214677284,2021
SK,202107,10.265420523381968,2021
SK,202108,10.24220925322738,2021
SK,202109,10.068922681528626,2021
SK,202110,9.61908642808678,2021
SK,202111,9.336138307674831,2021
SK,202112,9.332940392777026,2021
TR,202003,14.035069039997646,2020
TR,202004,14.139111143342122,2020
TR,202005,14.325461855050193,2020
TR,202006,14.393037691721371,2020
TR,202007,14.488671159997386,2020
TR,202008,14.503650848772837,2020
TR,202009,14.426164475010289,2020
TR,202010,14.356589454855971,2020
TR,202011,14.069895286610983,2020
TR,202012,14.032446848424218,2020
TR,202101,14.010874408116031,2021
TR,202102,13.947936391930714,2021
TR,202103,14.105443482420032,2021
TR,202104,14.209485585764506,2021
TR,202105,14.395836297472579,2021
TR,202106,14.463412134143757,2021
TR,202107,14.559045602419772,2021
TR,202108,14.574025291195223,2021
TR,202109,14.496538917432675,2021
TR,202110,14.426963897278357,2021
TR,202111,14.140269729033369,2021
TR,202112,14.102821290846604,2021
XK,202003,9.020033338372153,2020
XK,202004,9.151199568153285,2020
XK,202005,9.167479044161544,2020
XK,202006,9.220288882624535,2020
XK,202007,9.573229710335838,2020
XK,202008,9.597272980680804,2020
XK,202009,9.252958444261271,2020
XK,202010,9.167282909299983,2020
XK,202011,8.984832716030086,2020
XK,202012,9.125335986079927,2020
XK,202101,9.118363347736281,2021
XK,202102,8.89067745726057,2021
XK,202103,9.044660808086263,2021
XK,202104,9.175827037867393,2021
XK,202105,9.192106513875654,2021
XK,202106,9.244916352338645,2021
XK,202107,9.597857180049946,2021
XK,202108,9.621900450394914,2021
XK,202109,9.27758591397538,2021
XK,202110,9.191910379014093,2021
XK,202111,9.009460185744196,2021
XK,202112,9.149963455794037,2021
